Unnamed: 0,"Drug, Bio-Affecting and Body Treating Compositions (includes Class 514)",Measuring and Testing,Organic Compounds (includes Classes 532-570),Synthetic Resins or Natural Rubbers (includes Classes 520-528),Aeronautics and Astronautics,Telephonic Communications,Power Plants,Chemistry: Molecular Biology and Microbiology,Multiplex Communications,Stock Material or Miscellaneous Articles,Communications: Electrical,"Static Structures (e.g., Buildings)",Explosive and Thermic Compositions or Charges,Radiant Energy,Surgery (includes Class 600),"Communications: Directive Radio Wave Systems and Devices (e.g., Radar, Radio Navigation)",Liquid Purification or Separation,Ammunition and Explosives,Pulse or Digital Communications,Optical: Systems and Elements,Optics: Measuring and Testing,"Supports (e.g., for holding articles, etc.)",Plastic and Nonmetallic Article Shaping or Treating: Processes,Land Vehicles,Metal Working,Electricity: Electrical Systems and Devices,Chemistry of Inorganic Compounds,Electric Heating,Material or Article Handling,Electricity: Measuring and Testing,Fluid Handling,Chemistry: Fertilizers,Exercise Devices,"Electricity: Magnetically Operated Switches, Magnets, and Electromagnets",Surgery (Medicators and Receptors),Games Using Tangible Projectile,Electric Lamp and Discharge Devices: Systems,"Chemical Apparatus and Process Disinfecting, Deodorizing, Preserving, or Sterilizing","Fishing, Trapping, and Vermin Destroying",Computer Graphics Processing and Selective Visual Display Systems,Adhesive Bonding and Miscellaneous Chemical Manufacture,"DP: Measuring, Calibrating, or Testing (Data Processing)",Internal-Combustion Engines,Refrigeration,Ordnance,Special Receptacle or Package,Coating Processes,Geometrical Instruments,Surgery (instruments),"Fluid Sprinkling, Spraying, and Diffusing",Electrical Connectors,"Winding, Tensioning, or Guiding",Dispensing (apparatus and process),Chemistry: Electrical and Wave Energy,Pipe Joints or Couplings,Illumination,Apparel,Receptacles,Metal Founding,Animal Husbandry,"Brushing, Scrubbing, and General Cleaning",Machine Element or Mechanism,Chairs and Seats,Hydraulic and Earth Engineering,Chemistry: Natural Resins or Derivatives; Peptides or Proteins; Lignins or Reaction Products Thereof,"Fire Escape, Ladder, or Scaffold",Multicomputer Data Transferring (Electrical Computers and Digital Processing Systems),Stoves and Furnaces,Woodworking,Telecommunications,Electricity: Conductors and Insulators,Harvesters,Metal Deforming,Communications: Radio Wave Antennas,Plastic Article or Earthenware Shaping or Treating: Apparatus,DP: Generic Control Systems or Specific Applications (Data Processing),"DP: Financial, Business Practice, Management, or Cost/Price Determination (Data Processing)",Motor Vehicles,Beds,Conveyors: Power-Driven,Pumps,Heat Exchange,"Classifying, Separating, and Assorting Solids",Amusement Devices: Games,Television,Coherent Light Generators,Liquid Heaters and Vaporizers,"Surgery: Light, Thermal, and Electrical Application",Land Vehicles: Bodies and Tops,Electricity: Motive Power Systems,Paper Making and Fiber Liberation,Earth Working,Electricity: Circuit Makers and Breakers,"Baths, Closets, Sinks, and Spittoons","Food or Edible Material: Processes, Compositions, and Products",Cutting,Bleaching and Dyeing; Fluid Treatment and Chemical Modification of Textiles and Fibers,Electrical Transmission or Interconnection Systems,Image Analysis,Ships,Optical Waveguides,Cleaning and Liquid Contact with Solids,Metal Fusion Bonding,DP: Database and File Management or Data Structures (Data Processing),Handling: Hand and Hoist-Line Implements,Solid Material Comminution or Disintegration,Cutlery,Plant Husbandry,Package Making,"Specialized Metallurgical Processes, Compositions for Use Therein, Consolidated Metal Powder Compositions, and Loose Metal Particulate Mixtures",Coating Apparatus,"Electrolysis: Processes, Compositions Used Therein, and Methods of Preparing the Compositions",Supports: Racks,Implements or Apparatus for Applying Pushing or Pulling Force,Information Security,"Fluent Material Handling, with Receiver or Receiver Coacting Means",Seal for a Joint or Juncture,Electrical Generator or Motor Structure,"Miscellaneous Active Electrical Nonlinear Devices, Circuits, and Systems",X-Ray or Gamma Ray Systems or Devices,Joints and Connections,"Fabric (Woven, Knitted, or Nonwoven Textile or Cloth, Etc.)","Prosthesis (i.e., Artificial Body Members), Parts Thereof, or Aids and Accessories Therefor",Gas Separation: Processes,Gas Separation: Apparatus,Compositions: Coating or Plastic,Tools,Supports: Cabinet Structure,"Agitating (e.g., of articles and materials)",Dentistry,"DP: Vehicles, Navigation, and Relative Location (Data Processing)",Brakes,Education and Demonstration,Input/Output (Electrical Computers and Digital Data Processing Systems),Chemistry: Analytical and Immunological Testing,"Card, Picture, or Sign Exhibiting","Envelopes, Wrappers, and Paperboard Boxes",Error Detection/Correction and Fault Detection/Recovery,Railways,Freight Accommodation On Freight Carrier,Movable or Removable Closures,Presses,Boring or Penetrating the Earth,Package and Article Carriers,Valves and Valve Actuation,Compositions,"Surgery: Splint, Brace, or Bandage","Buckles, Buttons, Clasps, Etc.",Textiles: Manufacturing,Music,Horizontally Supported Planar Surfaces,Foods and Beverages: Apparatus,Metal Treatment,Acoustics,Sewing,Thermal Measuring and Testing,Amusement Devices: Toys,Abrading,Drying and Gas or Vapor Contact with Solids,Firearms,Signals and Indicators,"Flexible or Portable Closure, Partition, or Panel",Electric Power Conversion Systems,Electric Resistance Heating Devices,"Road Structure, Process, or Apparatus",Excavating,"Wells (shafts or deep borings in the earth, e.g., for oil and gas)","Registers (e.g., cash registers, calculators, devices for counting movements of devices, etc.)",Electric Lamp and Discharge Devices,Incremental Printing of Symbolic Information,Gas Separation,Mechanical Guns and Projectors,Fences,Optical Communications,"Expanded, Threaded, Driven, Headed, Tool-Deformed, or Locked-Threaded Fastener",Rotary Kinetic Fluid Motors or Pumps,"DP: Presentation Processing of Document, Operator Interface Processing, and Screen Saver Display Processing (Data Processing)",Railway Rolling Stock,"Single-Crystal, Oriented-Crystal, and Epitaxy Growth Processes; Non-Coating Apparatus Therefor",Toilet,Metallurgical Apparatus,Wave Transmission Lines and Networks,Butchering,Furnaces,Article Dispensing,"Communications, Electrical: Acoustic Wave Systems and Devices",Flexible Bags,Bearings,Amusement Devices,"Boots, Shoes, and Leggings",Pipes and Tubular Conduits,Electricity: Power Supply or Regulation Systems,"Optics: Eye Examining, Vision Testing and Correcting",Dynamic Magnetic Information Storage or Retrieval,Electrical Audio Signal Processing Systems and Devices,Arithmetic Processing and Calculating (Electrical Computers),"Miscellaneous Hardware (e.g., Bushing, Carpet Fastener, Caster, Door Closer, Panel Hanger, Attachable or Adjunct Handle, Hinge, Window Sash Balance, Etc.)",Textiles: Fluid Treating Apparatus,Weighing Scales,Inductor Devices,"Textiles: Spinning, Twisting, and Twining",Bottles and Jars,Prime-Mover Dynamo Plants,Static Information Storage and Retrieval,Industrial Electric Heating Furnaces,Semiconductor Device Manufacturing: Process,Ventilation,DP: Artificial Intelligence (Data Processing),Fuel and Related Compositions,Planting,Automatic Temperature and Humidity Regulation,Static Molds,Closure Fasteners,Amplifiers,Heating,Marine Propulsion,"Catalyst, Solid Sorbent, or Support Therefor: Product or Process of Making",Chemistry of Hydrocarbon Compounds,Hazardous or Toxic Waste Destruction or Containment,Surgery: Kinesitherapy,Expansible Chamber Devices,Work Holders,"Chemistry: Electrical Current Producing Apparatus, Product, and Process",Textiles: Fiber Preparation,Locks,"Turning (e.g., for metal working)","Tent, Canopy, Umbrella, or Cane",Batteries: Thermoelectric and Photoelectric,Resilient Tires and Wheels,Electricity: Battery or Capacitor Charging or Discharging,"Buoys, Rafts, and Aquatic Devices",Manufacturing Container or Tube From Paper; or Other Manufacturing From a Sheet or Web,"DP: Structural Design, Modeling, Simulation, and Emulation (Data Processing)",Printing,Textiles: Weaving,"Active Solid-State Devices (e.g., Transistors, Solid-State Diodes)",Plant Protecting and Regulating Compositions,Support (Electrical Computers and Digital Processing Systems),Compound Hand Tools,Deposit and Collection Receptacles,Mining or In Situ Disintegration of Hard Material,"Fluid Reaction Surfaces (i.e., Impellers)",Interprogram Communication or Interprocess Communication (Ipc) (Electrical Computers and Digital Processing Systems),Bridges,Clutches and Power-Stop Control,Check-Actuated Control Mechanisms,Apparel Apparatus,Gas and Liquid Contact Apparatus,Sheet Feeding or Delivering,Land Vehicles: Wheels and Axles,Oscillators,Facsimile and Static Presentation Processing,Horology: Time Measuring Systems or Devices,Alloys or Metallic Compositions,"Radiation Imagery Chemistry: Process, Composition, or Product Thereof",Compositions: Ceramic,Multicellular Living Organisms and Unmodified Parts Thereof and Related Processes,Gas: Heating and Illuminating,Textiles: Knitting,Ammunition and Explosive-Charge Making,Motors: Expansible Chamber Type,Wheelwright Machines,Land Vehicles: Dumping,Electricity: Single Generator Systems,Coded Data Generation or Conversion,Typewriting Machines,Textiles: Ironing or Smoothing,Fire Extinguishers,Tool Driving or Impacting,Electronic Digital Logic Circuitry,Dynamic Information Storage or Retrieval,"Electrical Pulse Counters, Pulse Dividers, or Shift Registers: Circuits and Systems",Cryptography,Cutting by Use of Rotating Axially Moving Tool,"Gear Cutting, Milling, or Planing",Memory (Electrical Computers and Digital Processing Systems),Computer-Aided Design and Analysis of Circuits and Semiconductor Masks,Interactive Video Distribution Systems,Railway Switches and Signals,Fluid-Pressure and Analogous Brake Systems,"Induced Nuclear Reactions: Processes, Systems, and Elements",Rotary Expansible Chamber Devices,Combustion,Endless Belt Power Transmission Systems or Components,"DP: Software Development, Installation, and Management (Data Processing)",Glass Manufacturing,Wireworking,Unearthing Plants or Buried Objects,Lubrication,Mineral Oils: Processes and Products,Elongated-Member-Driving Apparatus,"Liquid Crystal Cells, Elements and Systems","DP: Speech Signal Processing, Linguistics, Language Translation, and Audio Compression/Decompression (Data Processing)",Undertaking,Severing by Tearing or Breaking,Vehicle Fenders,Wheel Substitutes for Land Vehicles,Optics: Image Projectors,Electricity: Motor Control Systems,Electrophotography,Amusement Devices: Games.1,Planetary Gear Transmission Systems or Components,"Superconductor Technology: Apparatus, Material, Process",Virtual Machine Task or Process Management or Task Management/Control (Electrical Computers and Digital Processing Systems),Chemistry: Physical Processes,Jewelry,Tobacco,Traversing Hoists,Advancing Material of Indeterminate Length,Electricity: Electrothermally or Thermally Actuated Switches,Electrical Resistors,Recorders,Motion Video Signal Processing for Recording or Reproducing,Photography,Coating Implements with Material Supply,"Rotary Shafts, Gudgeons, Housings, and Flexible Couplings for Rotary Shafts","Solid Anti-Friction Devices, Materials Therefor, Lubricant or Separant Compositions for Moving Solid Surfaces, and Miscellaneous Mineral Oil Compositions",Dynamic Optical Information Storage or Retrieval,Textiles: Cloth Finishing,"Abrasive Tool Making Process, Material, or Composition","Conveyors, Chutes, Skids, Guides, and Ways",Distillation: Apparatus,"Books, Strips, and Leaves",Knots and Knot Tying,Photocopying,Conveyors: Fluid Current,Powder Metallurgy Processes,Foundation Garments,"Cleaning Compositions for Solid Surfaces, Auxiliary Compositions Therefor, or Processes of Preparing the Compositions","Textiles: Braiding, Netting, and Lace Making",Stone Working,Concentrating Evaporators,Trunks and Hand-Carried Luggage,"Distillation: Processes, Thermolytic","Distillation: Processes, Separatory",Heating Systems,Railways: Surface Track,Chucks or Sockets,Modulators,Electric Lamp or Space Discharge Component or Device Manufacturing,"Threaded, Headed Fastener, or Washer Making: Process and Apparatus","Colloid Systems and Wetting Agents, Subcombinations Thereof, Processes of Making, Stabilizing, Breaking, or Inhibiting",Harness for Working Animal,"Purses, Wallets, and Protective Covers",Farriery,Telegraphy,"Elevator, Industrial Lift Truck, or Stationary Lift for Vehicle",Etching a Substrate: Processes,"Selective Cutting (e.g., Punching)",Wire Fabrics and Structure,Spring Devices,Printed Matter,"Bee Culture (propagating, raising, caring for bees)","Books, Strips, and Leaves for Manifolding",Tool Changing,Roll or Roller,Imperforate Bowl: Centrifugal Separators,"Processing Architectures and Instruction Processing, e.g., Processors (Electrical Computers and Digital Processing Systems)",Boot and Shoe Making,"Metal Tools and Implements, Making","Safes, Bank Protection, or a Related Device",Wooden Receptacles,High-Voltage Switches with Arc Preventing or Extinguishing Devices,Electric Lamp and Discharge Devices: Consumable Electrodes,Demodulators,Binder Device Releasably Engaging Aperture or Notch of Sheet,"Cutters, for Shaping",Coin Handling,"Interrelated Power Delivery Controls, Including Engine Control","Earth Boring, Well Treating, and Oil Field Chemistry","Chain, Staple, and Horseshoe Making",Railway Draft Appliances,Track Sanders,Chemistry: Fischer-Tropsch Processes; or Purification or Recovery of Products Thereof,"Combinatorial Chemistry Technology: Method, Library, Apparatus",Optics: Motion Pictures,"Scanning-Probe Techniques or Apparatus; Applications of Scanning-Probe Techniques, e.g., Scanning Probe Microscopy [Spm]",Sheet-Material Associating,Electricity: Transmission To Vehicles,Bookbinding: Process and Apparatus,Merchandising,"Brush, Broom, and Mop Making","Sugar, Starch, and Carbohydrates",Wood Turning,"Motors: Spring, Weight, or Animal Powered",Chemistry of Carbon Compounds,Tuners,Sheet Metal Container Making,Crop Threshing or Separating,Friction Gear Transmission Systems or Components,"Record Receiver Having Plural Interactive Leaves or a Colorless Color Former, Method of Use, or Developer Therefor",Coopering,Type Casting,Whips and Whip Apparatus,Perfume Compositions,Leather Manufactures,Mineral Oils: Apparatus,Railway Wheels and Axles,Button Making,Railway Mail Delivery,Needle and Pin Making,Typesetting,Land Vehicles: Animal Draft Appliances
Alabama,37,66,49,21,49,54,28,13,3,37,10,16,33.0,36,14,8.0,29,50,16.0,24,36,20,30,17,30,16,27,30,20,21,23,34.0,25,1.0,17,11,5,10,20,2.0,23,2,32,20,16.0,20,17,19,10,15,15,17,9,19.0,20,17,11,13,11.0,11,14,7,11,22,4.0,3,0,23,21,1,7,6,10,10,10,3,2,7,6,8.0,13,18,20,7,7,11.0,2.0,2,2,18,7.0,6,17,6,7,9,4.0,3,2,7,3,11,2.0,0,8,6,6,5,3.0,11.0,6.0,6,5,5,0,3,6.0,6,7.0,7.0,15,6.0,9,5,15,5,10,12,8.0,6,1,6,11,3,0,1,2.0,3.0,7.0,2.0,5,8.0,10,6,2,4,4,8,2.0,2,4,4,5.0,3,8.0,3.0,4,2,3,1,6,0,3.0,4,4,8,5,0,3.0,6.0,4,6,7,2.0,3.0,7,0,7.0,8.0,2,4.0,4.0,3.0,5,1,2.0,2.0,2.0,6.0,5,2,4.0,1,2,2,4.0,3,0.0,2.0,1.0,5.0,7.0,4.0,1.0,2.0,4.0,4,1.0,4,1.0,8,2,5,1.0,5,4,2.0,8.0,5.0,2,0,3,1,5.0,3,2.0,0,2.0,0.0,1.0,1,1.0,1,2.0,2.0,0,0.0,0,0.0,3.0,3,3,0.0,2.0,1,2.0,3,3.0,3.0,0.0,1.0,3.0,2.0,3.0,6.0,2.0,0.0,2.0,1.0,1.0,3.0,1.0,2.0,6.0,1.0,2.0,2.0,2.0,2.0,0.0,2.0,1.0,2.0,2.0,1.0,0.0,0.0,2.0,0.0,0.0,1.0,1.0,1,2,0.0,3.0,0.0,3.0,0.0,3.0,2.0,3.0,0.0,0.0,1.0,0.0,3.0,0.0,2.0,0.0,0.0,4,1.0,0.0,1.0,0.0,0.0,0.0,0.0,0.0,3.0,3.0,3.0,1,0.0,4.0,1.0,0.0,1.0,0.0,0.0,2.0,0.0,1.0,1.0,1.0,0.0,0.0,1.0,0.0,0.0,2.0,0.0,1.0,0.0,3.0,0.0,0.0,0.0,0.0,1.0,1.0,0.0,0.0,0.0,1.0,1.0,0.0,0.0,0.0,0,0.0,0.0,0.0,0.0,0.0,0.0,0.0,0.0,0.0,1.0,0.0,0.0,0.0,1.0,0.0,0.0,0.0,0.0,,,,,,,,,,,,,,,,,,,,,,,,,,,,,,,,,,
Alaska,1,3,1,1,1,0,1,0,0,3,2,3,,0,0,0.0,2,0,,4,0,3,1,11,4,0,0,1,1,0,2,0.0,0,0.0,0,4,0,0,9,,4,1,2,3,0.0,2,0,2,1,2,1,0,2,0.0,1,1,0,0,,1,3,0,0,10,,1,0,6,0,0,0,0,2,0,1,1,0,3,0,,0,0,0,0,0,,1.0,0,1,0,0.0,1,0,2,2,2,,0,0,5,0,0,0.0,0,1,0,2,0,,0.0,,0,1,2,0,0,1.0,1,0.0,0.0,3,,0,0,0,0,3,0,0.0,0,0,0,2,0,0,0,0.0,0.0,1.0,0.0,0,0.0,2,5,4,0,0,1,,3,0,1,0.0,0,0.0,0.0,0,0,2,2,1,0,0.0,0,2,2,11,0,0.0,,0,1,0,1.0,0.0,0,0,0.0,,1,,0.0,4.0,1,1,0.0,,0.0,,0,0,,1,0,0,0.0,1,,,0.0,0.0,,1.0,,,,1,1.0,0,,1,0,0,,0,1,0.0,0.0,0.0,2,0,0,0,,0,,1,,0.0,,2,,0,,0.0,0,0.0,0,0.0,,1,1,,0.0,0,1.0,0,0.0,,0.0,,1.0,1.0,,,0.0,,,,0.0,,0.0,,0.0,0.0,,,1.0,1.0,,,,,1.0,0.0,0.0,,,,0.0,,0.0,1,0,0.0,0.0,,,,,1.0,,,0.0,,,0.0,,,,,0,,,,0.0,,0.0,0.0,,0.0,,,1,0.0,,,,,,,,,0.0,,0.0,,,0.0,,,,,,,0.0,,,,,,,,,0.0,0.0,0.0,,,,0,,,,,,,,,0.0,,,,,,,0.0,,,0.0,0.0,0.0,0.0,0.0,,,,,,,,,,,,,,,,,,,,,,,,,,,,,
Arizona,78,64,23,31,32,54,63,7,63,61,67,64,10.0,36,53,49.0,40,28,47.0,37,20,40,29,60,63,77,38,31,40,43,56,0.0,31,4.0,26,57,38,15,20,36.0,50,18,63,62,7.0,39,30,44,32,26,90,31,15,34.0,10,38,26,25,5.0,26,20,28,19,24,6.0,11,4,55,5,28,29,12,9,16,18,8,2,8,27,12.0,18,27,22,28,34,3.0,6.0,14,35,29,1.0,5,31,40,24,11,2.0,23,11,10,14,21,20.0,1,21,16,18,16,6.0,14.0,17.0,14,16,5,3,15,5.0,22,140.0,4.0,13,2.0,19,2,16,4,22,16,10.0,21,29,6,20,50,3,20,5.0,65.0,2.0,5.0,9,6.0,8,29,8,8,10,10,0.0,10,6,5,16.0,13,1.0,10.0,12,25,9,18,4,15,16.0,4,9,3,3,17,1.0,4.0,7,13,12,4.0,4.0,21,2,0.0,13.0,12,7.0,44.0,1.0,1,8,1.0,0.0,11.0,1.0,14,5,70.0,9,41,11,39.0,6,1.0,12.0,2.0,0.0,6.0,8.0,46.0,1.0,126.0,8,0.0,7,3.0,6,19,20,87.0,8,5,3.0,1.0,1.0,9,3,9,3,4.0,16,1.0,9,5.0,2.0,4.0,3,11.0,6,11.0,0.0,89,2.0,15,4.0,2.0,7,26,0.0,1.0,2,10.0,6,36.0,0.0,1.0,51.0,3.0,7.0,2.0,19.0,5.0,3.0,1.0,0.0,2.0,8.0,0.0,0.0,0.0,59.0,19.0,1.0,2.0,5.0,58.0,17.0,15.0,9.0,9.0,5.0,61.0,1.0,0.0,0.0,0.0,13.0,4.0,9,16,0.0,6.0,2.0,1.0,6.0,1.0,3.0,4.0,14.0,0.0,0.0,2.0,0.0,2.0,0.0,0.0,3.0,3,0.0,5.0,1.0,4.0,8.0,1.0,2.0,3.0,4.0,0.0,3.0,4,6.0,1.0,2.0,0.0,,1.0,0.0,1.0,2.0,3.0,3.0,1.0,0.0,1.0,16.0,0.0,3.0,1.0,1.0,0.0,1.0,5.0,0.0,4.0,8.0,2.0,0.0,0.0,4.0,6.0,0.0,25.0,1.0,8.0,0.0,,3,3.0,9.0,0.0,1.0,0.0,,22.0,0.0,1.0,1.0,0.0,0.0,,15.0,2.0,0.0,0.0,1.0,0.0,0.0,0.0,,0.0,0.0,4.0,0.0,3.0,2.0,0.0,0.0,0.0,0.0,0.0,0.0,0.0,0.0,1.0,0.0,0.0,0.0,,,,,,,,,,,,
Arkansas,11,11,15,8,3,1,2,3,0,4,8,13,0.0,3,7,,9,3,0.0,0,3,13,3,9,12,3,9,1,15,5,9,3.0,5,0.0,1,6,1,2,17,0.0,2,1,8,6,0.0,7,1,7,10,8,2,3,12,1.0,3,4,6,4,0.0,9,4,7,4,3,0.0,7,0,14,6,0,1,9,2,1,12,3,0,3,5,1.0,1,4,4,4,0,,2.0,2,7,1,0.0,11,2,7,4,6,0.0,1,0,12,1,4,0.0,0,5,2,5,3,2.0,0.0,0.0,1,4,2,0,2,1.0,7,1.0,1.0,3,0.0,2,0,4,2,7,8,6.0,0,0,0,3,0,1,4,1.0,0.0,0.0,2.0,1,0.0,2,1,1,1,0,3,0.0,2,6,3,0.0,2,0.0,0.0,6,3,1,6,0,1,0.0,2,18,1,4,3,2.0,0.0,1,2,1,0.0,3.0,1,0,1.0,0.0,1,0.0,,7.0,5,4,3.0,3.0,0.0,0.0,1,3,1.0,2,0,1,0.0,4,,1.0,0.0,0.0,2.0,0.0,0.0,,2.0,0,,1,3.0,1,2,3,1.0,7,4,1.0,0.0,0.0,2,1,2,0,0.0,3,0.0,3,0.0,1.0,1.0,0,0.0,0,3.0,,0,1.0,0,1.0,2.0,1,1,,4.0,0,10.0,2,0.0,0.0,0.0,0.0,1.0,5.0,0.0,,3.0,0.0,0.0,0.0,1.0,1.0,9.0,0.0,0.0,2.0,,0.0,2.0,0.0,0.0,0.0,,,2.0,0.0,0.0,,0.0,,0.0,0.0,0.0,4,0,0.0,0.0,1.0,0.0,1.0,1.0,2.0,,0.0,2.0,0.0,0.0,,,0.0,,,0,2.0,0.0,0.0,0.0,1.0,3.0,0.0,0.0,,0.0,,0,2.0,2.0,0.0,,,0.0,1.0,6.0,,0.0,,0.0,1.0,0.0,0.0,,1.0,1.0,1.0,1.0,0.0,2.0,,0.0,,0.0,0.0,,1.0,0.0,,0.0,2.0,0.0,,,1,0.0,,,,0.0,,,,1.0,0.0,,0.0,,,0.0,0.0,2.0,0.0,0.0,0.0,0.0,,0.0,,,,,,0.0,0.0,,0.0,,0.0,,,0.0,1.0,0.0,,0.0,0.0,0.0,,,,,,,,,
California,1335,921,855,671,379,302,440,682,231,700,543,493,61.0,800,964,301.0,595,146,264.0,703,626,453,273,481,553,366,333,471,353,619,597,42.0,287,58.0,801,312,287,300,197,273.0,501,146,321,323,185.0,453,332,288,361,334,555,215,337,302.0,212,350,259,221,51.0,168,262,213,197,236,224.0,110,35,337,52,125,187,77,169,276,122,141,52,147,234,120.0,257,201,129,83,451,557.0,56.0,138,162,259,17.0,35,144,277,311,121,48.0,120,148,272,345,158,175.0,43,150,72,211,109,141.0,60.0,154.0,178,155,88,6,133,127.0,201,421.0,148.0,129,44.0,222,93,66,101,195,133,96.0,242,72,85,183,183,248,157,95.0,297.0,30.0,48.0,101,65.0,160,216,184,166,153,155,3.0,347,56,157,103.0,123,19.0,94.0,301,139,73,108,52,89,177.0,33,85,36,367,184,96.0,204.0,56,50,43,62.0,219.0,118,34,20.0,84.0,114,25.0,273.0,28.0,102,62,182.0,38.0,139.0,36.0,108,101,169.0,126,825,147,262.0,83,6.0,56.0,16.0,8.0,137.0,73.0,442.0,7.0,672.0,42,31.0,107,18.0,61,32,190,253.0,62,44,185.0,96.0,28.0,79,39,101,168,4.0,214,61.0,57,135.0,34.0,46.0,104,60.0,43,90.0,10.0,464,401.0,49,36.0,8.0,63,77,4.0,8.0,33,23.0,23,75.0,53.0,46.0,158.0,105.0,74.0,38.0,214.0,53.0,13.0,39.0,4.0,18.0,49.0,6.0,10.0,19.0,248.0,167.0,20.0,29.0,38.0,264.0,204.0,77.0,87.0,72.0,54.0,183.0,16.0,17.0,6.0,26.0,253.0,23.0,93,36,12.0,53.0,25.0,6.0,20.0,361.0,43.0,115.0,66.0,1.0,24.0,23.0,8.0,53.0,18.0,60.0,257.0,44,16.0,19.0,11.0,17.0,48.0,9.0,37.0,23.0,88.0,78.0,129.0,107,56.0,17.0,147.0,14.0,0.0,4.0,14.0,34.0,35.0,4.0,85.0,31.0,34.0,19.0,70.0,7.0,18.0,4.0,35.0,16.0,21.0,9.0,13.0,30.0,32.0,13.0,10.0,9.0,14.0,19.0,8.0,33.0,19.0,93.0,0.0,0.0,31,48.0,6.0,3.0,5.0,2.0,52.0,119.0,12.0,18.0,26.0,3.0,7.0,0.0,31.0,23.0,12.0,6.0,12.0,19.0,4.0,1.0,,3.0,1.0,57.0,16.0,5.0,8.0,13.0,5.0,8.0,6.0,0.0,0.0,0.0,1.0,1.0,2.0,4.0,10.0,,0.0,2.0,1.0,2.0,1.0,2.0,0.0,0.0,,,
Colorado,46,169,54,34,16,66,18,39,38,61,54,72,4.0,93,81,10.0,88,16,8.0,37,44,51,27,68,38,33,73,25,33,83,40,1.0,27,1.0,61,39,25,30,29,25.0,43,26,21,35,7.0,62,33,28,44,34,26,37,25,36.0,30,20,24,33,1.0,17,25,23,12,19,10.0,30,4,63,11,9,8,5,41,38,15,28,4,14,15,28.0,32,24,28,35,30,12.0,2.0,25,18,19,2.0,14,13,11,23,13,2.0,5,15,6,9,9,7.0,6,9,13,22,10,16.0,23.0,17.0,23,17,13,2,22,18.0,14,34.0,8.0,13,9.0,6,17,18,17,19,9,21.0,11,4,6,12,25,25,18,6.0,46.0,7.0,2.0,18,6.0,20,39,13,7,8,20,0.0,17,5,6,12.0,7,6.0,6.0,18,13,15,28,6,27,11.0,5,12,7,108,12,6.0,42.0,4,17,1,3.0,3.0,9,6,0.0,3.0,9,5.0,13.0,1.0,10,7,26.0,7.0,7.0,9.0,30,17,10.0,8,128,7,16.0,8,1.0,3.0,1.0,2.0,7.0,5.0,36.0,4.0,49.0,8,1.0,15,3.0,22,4,9,23.0,6,3,4.0,4.0,4.0,8,4,12,17,0.0,22,1.0,16,9.0,7.0,8.0,3,3.0,3,21.0,0.0,20,0.0,3,1.0,1.0,77,11,0.0,2.0,7,4.0,2,9.0,27.0,2.0,17.0,27.0,6.0,5.0,22.0,3.0,1.0,2.0,1.0,2.0,4.0,1.0,2.0,2.0,24.0,6.0,2.0,2.0,17.0,16.0,65.0,7.0,0.0,3.0,2.0,23.0,1.0,9.0,0.0,0.0,3.0,4.0,3,24,1.0,6.0,4.0,1.0,4.0,43.0,5.0,8.0,5.0,2.0,0.0,1.0,0.0,1.0,2.0,62.0,1.0,16,3.0,2.0,0.0,0.0,5.0,2.0,3.0,1.0,3.0,5.0,2.0,11,3.0,3.0,3.0,11.0,,0.0,3.0,8.0,5.0,2.0,21.0,20.0,0.0,1.0,4.0,0.0,2.0,,10.0,3.0,4.0,5.0,0.0,1.0,0.0,1.0,,3.0,9.0,3.0,0.0,5.0,5.0,11.0,0.0,,6,1.0,0.0,3.0,1.0,1.0,5.0,1.0,2.0,2.0,0.0,1.0,,,0.0,1.0,0.0,0.0,1.0,13.0,,1.0,0.0,0.0,0.0,0.0,2.0,6.0,2.0,0.0,2.0,,4.0,0.0,0.0,0.0,,4.0,0.0,2.0,0.0,,,1.0,,,0.0,1.0,,1.0,,,
Connecticut,454,208,558,440,59,71,175,93,66,254,96,64,1.0,156,112,12.0,128,14,24.0,96,134,63,108,39,176,160,79,127,41,107,76,3.0,32,87.0,70,45,29,49,19,36.0,135,52,89,66,18.0,99,112,56,75,50,199,41,95,76.0,22,67,26,76,84.0,25,35,48,28,22,20.0,13,3,48,7,14,77,8,71,29,46,70,145,12,19,47.0,60,60,41,16,30,48.0,39.0,6,11,78,24.0,1,103,17,134,95,19.0,23,22,36,56,29,41.0,3,37,44,99,13,64.0,31.0,43.0,84,20,12,3,23,31.0,72,19.0,36.0,24,26.0,30,21,20,36,40,8,39.0,43,77,10,25,21,25,35,22.0,29.0,12.0,3.0,11,3.0,2,32,25,69,14,29,3.0,25,12,35,77.0,27,13.0,22.0,52,43,7,46,8,16,21.0,13,3,4,13,60,15.0,108.0,15,6,5,15.0,48.0,105,13,1.0,10.0,36,9.0,23.0,4.0,76,8,77.0,9.0,87.0,4.0,17,15,18.0,12,32,25,9.0,28,1.0,58.0,6.0,4.0,43.0,17.0,9.0,3.0,13.0,7,4.0,11,1.0,14,8,36,9.0,8,3,37.0,11.0,5.0,8,7,9,146,1.0,34,16.0,4,2.0,14.0,11.0,5,16.0,3,91.0,2.0,23,25.0,6,5.0,10.0,3,153,1.0,3.0,19,1.0,4,10.0,75.0,2.0,12.0,20.0,35.0,45.0,61.0,17.0,1.0,23.0,0.0,4.0,12.0,,0.0,3.0,31.0,28.0,7.0,5.0,4.0,6.0,17.0,22.0,9.0,14.0,13.0,14.0,0.0,2.0,1.0,1.0,91.0,17.0,21,19,0.0,98.0,0.0,0.0,5.0,3.0,82.0,8.0,7.0,2.0,8.0,2.0,,9.0,4.0,29.0,29.0,5,1.0,1.0,1.0,4.0,11.0,2.0,32.0,5.0,11.0,14.0,8.0,22,29.0,14.0,15.0,,0.0,3.0,0.0,3.0,8.0,0.0,25.0,8.0,9.0,2.0,18.0,2.0,0.0,3.0,3.0,1.0,4.0,5.0,2.0,9.0,0.0,2.0,4.0,7.0,2.0,2.0,0.0,19.0,64.0,30.0,0.0,,10,10.0,,5.0,2.0,3.0,29.0,18.0,1.0,2.0,2.0,0.0,23.0,,5.0,3.0,3.0,2.0,3.0,12.0,0.0,0.0,0.0,3.0,0.0,2.0,0.0,10.0,1.0,1.0,2.0,0.0,0.0,1.0,5.0,0.0,1.0,1.0,,0.0,0.0,,,0.0,2.0,,,,0.0,0.0,,,
Delaware,206,27,393,551,1,1,4,35,0,175,7,5,3.0,13,5,0.0,45,3,1.0,11,17,4,70,1,7,5,30,15,3,6,11,1.0,5,0.0,14,2,0,11,0,3.0,40,4,6,1,0.0,12,48,3,5,7,7,4,10,19.0,0,1,2,6,4.0,1,6,3,1,3,12.0,7,1,3,1,0,6,0,4,0,10,9,0,6,5,1.0,4,5,10,0,2,1.0,1.0,0,4,3,16.0,0,1,2,40,10,11.0,0,3,7,11,2,4.0,0,2,0,4,4,9.0,10.0,6.0,25,2,1,0,8,1.0,4,1.0,4.0,1,41.0,3,8,3,32,3,2,13.0,19,0,1,1,0,18,2,17.0,0.0,1.0,0.0,5,0.0,1,3,1,43,1,0,15.0,2,1,4,2.0,1,1.0,3.0,2,5,4,1,0,1,0.0,1,3,0,3,2,0.0,0.0,2,1,1,4.0,1.0,1,0,2.0,1.0,1,0.0,5.0,4.0,1,1,1.0,1.0,1.0,,1,2,0.0,2,8,0,0.0,0,5.0,0.0,0.0,18.0,0.0,4.0,0.0,0.0,9.0,0,3.0,3,0.0,0,1,2,,1,0,41.0,14.0,3.0,1,0,1,1,4.0,0,0.0,0,18.0,3.0,0.0,1,1.0,0,5.0,2.0,1,272.0,1,0.0,,1,1,0.0,0.0,0,1.0,0,2.0,0.0,1.0,1.0,2.0,1.0,1.0,131.0,34.0,2.0,0.0,5.0,0.0,0.0,1.0,,,0.0,2.0,1.0,0.0,0.0,1.0,,0.0,,,0.0,0.0,0.0,0.0,1.0,0.0,0.0,,0,0,0.0,0.0,0.0,,0.0,9.0,0.0,1.0,1.0,,0.0,0.0,,1.0,,1.0,3.0,0,5.0,,0.0,1.0,4.0,,1.0,0.0,0.0,5.0,2.0,1,2.0,2.0,1.0,,0.0,3.0,0.0,2.0,2.0,,3.0,1.0,3.0,0.0,15.0,1.0,,2.0,1.0,,7.0,1.0,0.0,,0.0,0.0,0.0,13.0,0.0,0.0,0.0,1.0,0.0,5.0,,,0,1.0,,,,0.0,7.0,0.0,,0.0,0.0,0.0,,,,,1.0,,2.0,11.0,0.0,0.0,,0.0,0.0,0.0,,0.0,,,,,0.0,,,0.0,,,,,0.0,,,,0.0,,0.0,,,0.0,,,
Florida,231,182,85,113,47,111,154,75,61,133,209,226,9.0,88,266,57.0,176,29,108.0,110,55,91,77,92,166,115,89,53,64,92,103,10.0,88,8.0,207,117,25,38,139,49.0,92,21,111,126,35.0,94,51,61,122,97,127,49,111,52.0,36,76,72,70,15.0,62,80,39,43,58,11.0,46,10,89,19,86,27,53,55,64,41,27,21,32,73,47.0,47,61,49,90,73,23.0,12.0,160,51,31,21.0,18,39,98,66,35,7.0,26,16,159,26,38,25.0,4,63,30,58,51,45.0,10.0,16.0,28,56,29,1,31,21.0,72,53.0,7.0,37,11.0,54,18,28,21,38,26,30.0,61,13,24,74,35,46,88,14.0,52.0,8.0,3.0,43,19.0,7,50,21,14,51,27,2.0,33,18,38,12.0,20,10.0,25.0,27,24,19,27,16,40,34.0,14,12,18,24,32,11.0,9.0,6,27,9,10.0,27.0,64,4,3.0,1.0,44,3.0,51.0,15.0,26,23,47.0,13.0,27.0,5.0,32,16,29.0,50,14,35,33.0,27,6.0,9.0,7.0,15.0,29.0,13.0,17.0,0.0,77.0,23,3.0,26,9.0,22,26,28,43.0,11,56,9.0,9.0,2.0,21,3,19,54,1.0,38,14.0,22,11.0,5.0,33.0,30,12.0,5,30.0,2.0,45,8.0,10,5.0,12.0,4,81,0.0,10.0,22,18.0,8,14.0,16.0,6.0,45.0,25.0,12.0,1.0,8.0,9.0,0.0,4.0,2.0,1.0,8.0,2.0,1.0,5.0,25.0,29.0,7.0,10.0,3.0,34.0,5.0,12.0,14.0,22.0,10.0,17.0,0.0,19.0,3.0,10.0,30.0,10.0,16,8,1.0,9.0,5.0,2.0,8.0,8.0,10.0,7.0,5.0,6.0,4.0,5.0,6.0,6.0,1.0,11.0,12.0,10,0.0,0.0,1.0,6.0,19.0,6.0,9.0,6.0,8.0,6.0,2.0,35,8.0,6.0,0.0,0.0,3.0,0.0,3.0,16.0,6.0,2.0,15.0,6.0,4.0,9.0,10.0,0.0,5.0,4.0,9.0,1.0,8.0,2.0,5.0,3.0,7.0,1.0,0.0,6.0,4.0,8.0,2.0,3.0,5.0,11.0,0.0,,1,12.0,1.0,0.0,1.0,1.0,3.0,20.0,1.0,3.0,7.0,0.0,3.0,,19.0,4.0,1.0,1.0,10.0,3.0,1.0,1.0,1.0,2.0,0.0,3.0,0.0,7.0,0.0,0.0,4.0,0.0,1.0,0.0,0.0,,1.0,2.0,1.0,1.0,0.0,1.0,0.0,0.0,0.0,0.0,2.0,,,0.0,0.0,,
Georgia,58,54,31,101,24,45,11,21,17,116,29,74,0.0,16,58,15.0,24,0,20.0,11,14,34,47,30,60,39,26,33,26,25,31,2.0,25,11.0,67,26,5,14,10,6.0,77,10,20,48,8.0,99,40,28,12,44,27,26,103,6.0,13,16,36,36,19.0,28,17,7,8,17,12.0,22,0,25,19,5,40,26,25,13,15,17,9,8,29,18.0,21,11,34,4,16,7.0,10.0,8,19,10,17.0,11,22,12,31,30,39.0,8,2,5,80,19,3.0,0,16,12,24,9,47.0,13.0,16.0,7,52,10,0,35,7.0,0,8.0,6.0,5,37.0,5,5,6,28,16,20,7.0,13,1,2,5,2,9,31,56.0,5.0,3.0,8.0,15,8.0,2,5,2,10,16,8,7.0,11,18,23,9.0,3,30.0,5.0,11,17,13,13,2,2,5.0,5,8,1,6,4,2.0,0.0,3,2,3,4.0,7.0,3,1,22.0,1.0,12,16.0,10.0,58.0,8,16,6.0,12.0,1.0,3.0,5,8,4.0,8,16,6,1.0,6,21.0,6.0,8.0,22.0,10.0,3.0,2.0,0.0,3.0,4,0.0,2,5.0,4,6,12,3.0,23,0,10.0,1.0,7.0,2,1,4,5,7.0,9,1.0,4,2.0,0.0,5.0,4,10.0,1,7.0,16.0,3,6.0,1,0.0,4.0,0,4,0.0,3.0,2,8.0,10,24.0,3.0,4.0,2.0,2.0,2.0,1.0,5.0,7.0,0.0,2.0,6.0,2.0,1.0,1.0,1.0,0.0,5.0,2.0,4.0,3.0,3.0,0.0,12.0,5.0,16.0,9.0,3.0,3.0,0.0,2.0,0.0,0.0,4.0,1.0,14,2,1.0,22.0,2.0,2.0,2.0,1.0,2.0,0.0,1.0,1.0,1.0,0.0,0.0,1.0,0.0,12.0,25.0,0,1.0,2.0,0.0,4.0,14.0,0.0,5.0,12.0,0.0,0.0,4.0,12,5.0,0.0,5.0,0.0,2.0,2.0,3.0,2.0,3.0,0.0,9.0,4.0,0.0,3.0,12.0,0.0,3.0,2.0,4.0,2.0,1.0,3.0,2.0,1.0,2.0,1.0,1.0,4.0,0.0,2.0,0.0,1.0,0.0,1.0,0.0,,6,4.0,0.0,,,2.0,0.0,0.0,0.0,2.0,2.0,0.0,8.0,,1.0,0.0,1.0,3.0,0.0,0.0,1.0,0.0,,,0.0,0.0,0.0,2.0,1.0,0.0,1.0,0.0,6.0,,1.0,1.0,,1.0,0.0,0.0,1.0,0.0,,,0.0,,,,,0.0,,,
Hawaii,8,3,2,1,7,2,2,4,0,3,15,6,,0,15,0.0,3,2,1.0,2,1,6,0,7,0,0,2,0,0,1,4,,7,0.0,1,9,0,0,7,0.0,1,1,7,5,1.0,2,1,6,1,0,1,0,2,1.0,0,5,10,2,0.0,2,16,1,8,3,1.0,0,0,4,0,0,0,3,0,2,2,0,1,0,6,0.0,5,1,0,1,0,0.0,1.0,0,1,1,0.0,0,1,4,6,0,0.0,2,2,20,2,0,1.0,0,3,1,4,1,0.0,0.0,1.0,0,0,2,0,2,,1,0.0,0.0,3,0.0,1,0,1,0,3,1,0.0,1,0,2,3,0,0,0,5.0,2.0,0.0,0.0,3,0.0,0,5,0,0,0,2,0.0,4,0,2,,2,0.0,,6,4,1,1,1,1,0.0,0,0,0,1,4,,2.0,0,0,3,1.0,0.0,0,1,0.0,,1,,0.0,0.0,2,1,2.0,0.0,,0.0,4,2,,2,1,1,0.0,0,,1.0,,,1.0,1.0,0.0,,3.0,0,0.0,1,1.0,1,0,3,1.0,0,1,0.0,,,1,0,0,0,,2,1.0,0,0.0,0.0,0.0,9,0.0,0,0.0,,2,0.0,0,0.0,1.0,0,0,0.0,,0,,0,1.0,0.0,2.0,0.0,1.0,0.0,,0.0,,0.0,1.0,,0.0,0.0,,,1.0,0.0,1.0,,0.0,0.0,,0.0,0.0,0.0,1.0,0.0,0.0,0.0,0.0,,0.0,0.0,1.0,0,2,1.0,1.0,,0.0,0.0,0.0,,0.0,0.0,1.0,0.0,,,0.0,,0.0,4.0,1,0.0,0.0,,1.0,0.0,0.0,0.0,0.0,,0.0,,1,0.0,0.0,0.0,,,0.0,0.0,1.0,3.0,,,,0.0,,0.0,,0.0,0.0,2.0,0.0,0.0,,,,,,,,0.0,0.0,,,0.0,0.0,,,0,1.0,,,,,,0.0,,,1.0,,,,,1.0,1.0,,0.0,,,,,,0.0,1.0,,,0.0,,,,0.0,,0.0,,,,,1.0,,,,,,,,,,,,,
Idaho,9,15,2,2,2,3,2,5,0,4,9,16,2.0,9,10,1.0,11,1,0.0,7,3,6,7,16,6,9,13,6,12,6,7,2.0,5,0.0,2,3,4,3,17,1.0,6,2,14,6,1.0,8,0,7,2,18,3,4,9,7.0,1,2,10,6,0.0,15,7,5,0,2,0.0,1,0,21,5,1,1,4,2,0,6,2,0,2,3,2.0,2,3,13,3,3,0.0,2.0,1,10,3,0.0,4,6,3,37,10,0.0,2,0,2,1,3,3.0,0,2,3,3,2,5.0,5.0,0.0,4,6,1,0,2,0.0,5,4.0,0.0,4,0.0,0,2,1,1,5,1,2.0,1,0,4,5,0,3,4,1.0,3.0,2.0,2.0,3,7.0,3,12,3,2,4,2,0.0,10,2,3,0.0,0,1.0,3.0,2,2,0,8,2,3,3.0,1,5,4,0,2,0.0,14.0,1,2,0,0.0,0.0,3,0,2.0,1.0,3,0.0,1.0,1.0,7,3,0.0,0.0,3.0,0.0,1,1,2.0,0,24,1,2.0,2,0.0,1.0,0.0,1.0,0.0,2.0,8.0,0.0,8.0,5,0.0,1,7.0,1,1,1,3.0,0,3,0.0,0.0,3.0,0,1,2,1,,2,0.0,1,2.0,0.0,4.0,1,1.0,0,5.0,0.0,2,0.0,0,0.0,1.0,2,1,0.0,0.0,0,0.0,0,1.0,2.0,0.0,0.0,1.0,2.0,0.0,0.0,0.0,0.0,0.0,,3.0,0.0,,0.0,1.0,1.0,4.0,0.0,0.0,1.0,10.0,2.0,1.0,0.0,2.0,,0.0,0.0,0.0,1.0,0.0,2.0,0.0,0,2,0.0,1.0,1.0,1.0,2.0,0.0,1.0,0.0,1.0,1.0,0.0,0.0,0.0,0.0,1.0,1.0,1.0,0,0.0,0.0,0.0,0.0,0.0,4.0,0.0,,0.0,2.0,0.0,1,1.0,0.0,,0.0,0.0,1.0,3.0,0.0,,1.0,1.0,1.0,0.0,0.0,0.0,,0.0,1.0,0.0,1.0,1.0,2.0,1.0,2.0,0.0,0.0,0.0,0.0,1.0,1.0,0.0,,0.0,0.0,,,0,1.0,1.0,,0.0,0.0,0.0,1.0,,2.0,0.0,0.0,0.0,,0.0,,,,,,1.0,0.0,,0.0,,0.0,1.0,1.0,,0.0,,,0.0,0.0,,,,,1.0,,0.0,,,0.0,0.0,0.0,,0.0,,,,,
Illinois,456,296,663,653,27,202,129,206,204,302,209,244,2.0,183,245,10.0,354,27,62.0,58,62,221,150,161,369,275,121,154,154,146,295,9.0,92,41.0,451,135,171,140,91,52.0,240,37,281,172,15.0,313,141,94,115,126,366,93,206,72.0,77,144,75,228,64.0,56,119,160,66,56,94.0,40,12,116,22,189,83,113,162,46,151,64,14,105,76,116.0,88,125,41,52,220,25.0,32.0,20,53,100,63.0,119,291,51,326,88,14.0,65,20,31,92,65,23.0,9,56,51,83,33,143.0,39.0,44.0,75,139,35,2,85,139.0,113,67.0,53.0,90,19.0,22,50,44,61,92,69,60.0,54,36,74,57,38,70,116,161.0,52.0,6.0,36.0,79,33.0,3,43,113,85,38,94,2.0,106,50,103,33.0,32,51.0,27.0,136,106,54,13,30,45,119.0,22,40,43,49,33,92.0,29.0,30,20,10,8.0,133.0,41,5,110.0,6.0,32,36.0,93.0,68.0,36,53,14.0,52.0,51.0,7.0,19,61,29.0,25,27,106,34.0,68,10.0,34.0,26.0,6.0,141.0,23.0,5.0,9.0,20.0,39,1.0,57,25.0,47,30,64,51.0,37,115,341.0,258.0,14.0,38,24,35,101,2.0,84,27.0,12,9.0,23.0,38.0,6,50.0,3,145.0,2.0,35,42.0,11,8.0,22.0,24,25,1.0,0.0,125,23.0,9,47.0,64.0,10.0,54.0,14.0,26.0,17.0,53.0,13.0,7.0,20.0,3.0,6.0,57.0,2.0,7.0,49.0,46.0,36.0,11.0,10.0,25.0,5.0,13.0,16.0,55.0,25.0,32.0,17.0,1.0,25.0,5.0,22.0,42.0,35.0,45,45,2.0,24.0,19.0,1.0,21.0,314.0,41.0,4.0,28.0,9.0,24.0,3.0,45.0,16.0,12.0,8.0,210.0,56,4.0,3.0,5.0,9.0,9.0,9.0,18.0,80.0,28.0,12.0,10.0,37,28.0,31.0,93.0,3.0,1.0,3.0,9.0,12.0,25.0,0.0,21.0,15.0,15.0,2.0,41.0,0.0,3.0,2.0,11.0,4.0,19.0,7.0,19.0,6.0,8.0,39.0,5.0,21.0,0.0,4.0,0.0,7.0,21.0,7.0,1.0,0.0,31,31.0,1.0,14.0,10.0,2.0,8.0,3.0,2.0,4.0,10.0,7.0,16.0,0.0,7.0,16.0,14.0,9.0,27.0,17.0,6.0,23.0,2.0,7.0,0.0,6.0,2.0,40.0,1.0,11.0,1.0,1.0,44.0,0.0,1.0,0.0,3.0,13.0,24.0,2.0,5.0,,0.0,0.0,1.0,1.0,3.0,1.0,0.0,,,0.0,
Indiana,511,108,518,382,2,34,131,244,5,131,88,85,2.0,29,64,4.0,69,9,14.0,16,24,58,60,74,158,105,12,50,55,42,98,2.0,26,41.0,62,29,94,40,29,15.0,46,31,175,86,0.0,62,67,30,56,56,55,46,57,36.0,20,77,26,63,32.0,42,37,82,35,9,90.0,21,0,72,8,69,24,22,48,3,48,23,2,38,47,32.0,35,25,12,23,267,0.0,3.0,14,63,46,0.0,19,111,14,38,30,8.0,23,2,14,1,18,17.0,0,7,13,13,10,17.0,25.0,30.0,27,21,12,0,15,24.0,63,31.0,2.0,30,5.0,33,8,16,17,13,32,3.0,29,16,110,7,2,64,22,10.0,3.0,6.0,18.0,27,18.0,6,15,29,31,9,24,0.0,52,14,17,31.0,14,2.0,8.0,14,43,18,10,7,16,23.0,10,9,6,6,8,16.0,0.0,13,8,10,4.0,14.0,29,1,45.0,4.0,11,22.0,13.0,4.0,6,12,14.0,14.0,28.0,2.0,7,13,18.0,2,2,38,10.0,19,2.0,7.0,16.0,1.0,69.0,15.0,5.0,2.0,20.0,13,0.0,5,6.0,29,8,45,19.0,15,5,14.0,2.0,7.0,6,13,6,32,0.0,44,5.0,2,1.0,7.0,13.0,3,15.0,1,5.0,0.0,15,43.0,3,5.0,11.0,4,16,0.0,2.0,80,1.0,2,4.0,1.0,8.0,18.0,2.0,8.0,25.0,7.0,5.0,2.0,4.0,0.0,0.0,60.0,2.0,2.0,12.0,10.0,3.0,1.0,10.0,1.0,3.0,72.0,9.0,5.0,11.0,5.0,2.0,0.0,3.0,2.0,23.0,0.0,16.0,36,24,0.0,27.0,8.0,0.0,8.0,14.0,9.0,0.0,2.0,7.0,2.0,5.0,2.0,0.0,6.0,0.0,3.0,38,0.0,0.0,1.0,1.0,9.0,4.0,7.0,8.0,16.0,3.0,21.0,6,7.0,23.0,13.0,3.0,0.0,2.0,4.0,10.0,3.0,0.0,3.0,8.0,5.0,1.0,5.0,0.0,6.0,1.0,0.0,4.0,7.0,7.0,1.0,3.0,3.0,4.0,1.0,1.0,0.0,0.0,,0.0,7.0,5.0,0.0,0.0,25,0.0,3.0,,0.0,2.0,2.0,1.0,1.0,9.0,5.0,0.0,2.0,0.0,2.0,1.0,2.0,2.0,11.0,7.0,2.0,17.0,0.0,,0.0,1.0,0.0,4.0,0.0,0.0,0.0,0.0,7.0,3.0,0.0,0.0,2.0,1.0,2.0,0.0,0.0,0.0,0.0,,,,0.0,0.0,,,,0.0,
Iowa,46,66,39,17,4,4,47,22,7,7,30,61,0.0,14,26,19.0,26,2,11.0,5,8,31,18,68,29,24,7,39,117,17,60,2.0,20,13.0,6,29,6,5,41,12.0,14,12,26,23,4.0,14,2,17,11,19,12,12,28,8.0,7,19,21,13,10.0,58,14,37,15,11,3.0,7,2,39,11,19,5,101,19,6,20,7,0,74,14,11.0,15,14,9,13,8,1.0,6.0,3,22,16,0.0,108,19,2,28,5,1.0,8,1,9,0,7,6.0,0,8,31,7,9,22.0,8.0,3.0,4,10,10,0,11,5.0,8,9.0,2.0,14,0.0,9,4,11,4,7,13,24.0,5,13,9,6,3,6,2,9.0,5.0,2.0,4.0,12,20.0,7,8,15,4,5,10,,3,5,10,6.0,2,3.0,4.0,4,16,17,5,4,11,14.0,3,10,21,4,13,1.0,0.0,4,3,2,2.0,3.0,7,1,3.0,0.0,2,0.0,21.0,36.0,6,20,1.0,2.0,1.0,8.0,2,5,2.0,1,3,0,12.0,5,12.0,8.0,1.0,0.0,1.0,4.0,1.0,1.0,0.0,7,0.0,4,23.0,3,4,10,24.0,6,8,7.0,1.0,0.0,2,11,9,0,0.0,6,2.0,1,1.0,1.0,15.0,2,6.0,0,6.0,1.0,2,2.0,0,0.0,2.0,3,2,0.0,2.0,27,5.0,4,0.0,4.0,5.0,14.0,0.0,0.0,2.0,0.0,1.0,3.0,0.0,,1.0,24.0,5.0,1.0,0.0,6.0,2.0,1.0,0.0,4.0,2.0,1.0,2.0,2.0,7.0,5.0,1.0,0.0,2.0,0.0,5.0,1.0,2.0,7,8,0.0,0.0,2.0,0.0,4.0,0.0,1.0,5.0,3.0,1.0,1.0,2.0,21.0,0.0,,,1.0,17,2.0,0.0,,1.0,1.0,49.0,2.0,3.0,1.0,0.0,0.0,4,2.0,4.0,0.0,0.0,1.0,0.0,2.0,,3.0,1.0,3.0,8.0,1.0,1.0,2.0,1.0,0.0,0.0,0.0,,2.0,3.0,1.0,2.0,2.0,0.0,1.0,0.0,1.0,0.0,1.0,0.0,4.0,2.0,,,3,0.0,3.0,0.0,1.0,0.0,1.0,0.0,0.0,2.0,1.0,0.0,7.0,,6.0,0.0,0.0,0.0,3.0,0.0,1.0,,1.0,0.0,0.0,1.0,0.0,0.0,1.0,1.0,0.0,0.0,8.0,,0.0,,0.0,,17.0,0.0,4.0,,,0.0,,1.0,,,,,,,
Kansas,95,24,48,12,16,4,11,11,0,18,15,27,0.0,4,28,11.0,27,1,1.0,5,11,21,11,38,19,2,20,14,37,6,28,2.0,12,0.0,17,21,2,2,13,2.0,16,2,15,11,0.0,18,4,20,8,17,20,10,18,11.0,11,18,4,15,3.0,21,21,26,4,11,0.0,5,0,29,4,5,6,52,11,4,20,2,0,8,9,17.0,24,5,7,12,3,0.0,5.0,3,12,3,0.0,47,9,6,19,18,2.0,4,2,7,1,7,2.0,0,9,15,11,1,9.0,0.0,3.0,1,10,10,0,2,3.0,5,3.0,3.0,7,2.0,2,0,5,4,19,5,11.0,5,2,2,9,2,8,5,14.0,2.0,4.0,4.0,3,15.0,4,12,13,4,9,3,1.0,2,4,16,0.0,4,1.0,1.0,6,9,15,3,2,6,1.0,2,5,12,11,4,0.0,1.0,3,6,1,0.0,3.0,4,2,7.0,0.0,6,0.0,0.0,6.0,1,6,0.0,0.0,2.0,0.0,0,5,0.0,4,6,0,1.0,3,0.0,5.0,0.0,1.0,6.0,4.0,1.0,1.0,0.0,12,0.0,0,17.0,7,8,9,0.0,3,1,1.0,1.0,2.0,2,3,8,0,0.0,3,2.0,3,2.0,0.0,2.0,3,3.0,0,16.0,,0,12.0,0,0.0,0.0,5,5,0.0,3.0,5,0.0,2,17.0,11.0,1.0,3.0,0.0,3.0,,0.0,,1.0,3.0,0.0,2.0,19.0,0.0,4.0,0.0,0.0,4.0,1.0,2.0,4.0,1.0,1.0,2.0,1.0,6.0,2.0,3.0,0.0,0.0,2.0,2.0,0.0,2.0,7,4,0.0,1.0,0.0,0.0,2.0,4.0,1.0,0.0,4.0,1.0,0.0,2.0,0.0,1.0,0.0,0.0,0.0,2,0.0,0.0,,0.0,1.0,1.0,4.0,0.0,0.0,0.0,0.0,1,1.0,0.0,6.0,,0.0,1.0,0.0,0.0,1.0,0.0,8.0,2.0,,0.0,0.0,,4.0,0.0,1.0,,3.0,2.0,1.0,0.0,0.0,0.0,0.0,0.0,2.0,0.0,0.0,0.0,4.0,0.0,,,0,3.0,,2.0,0.0,0.0,0.0,0.0,,3.0,0.0,0.0,,,0.0,,,,1.0,2.0,0.0,0.0,,0.0,0.0,0.0,,2.0,0.0,1.0,1.0,1.0,1.0,,1.0,,,,7.0,0.0,1.0,,,,1.0,0.0,1.0,,,,,,
Kentucky,35,12,43,76,3,3,2,6,3,34,14,25,1.0,11,24,0.0,23,0,2.0,2,0,23,18,15,38,12,7,81,22,6,31,3.0,6,2.0,13,15,5,14,8,2.0,28,1,10,81,3.0,28,19,9,16,8,15,12,23,4.0,7,17,12,21,0.0,6,14,11,19,16,1.0,13,0,27,8,2,3,17,6,0,10,9,1,6,18,25.0,9,13,12,10,3,0.0,12.0,3,4,9,0.0,4,20,9,15,9,6.0,6,1,9,1,9,3.0,1,4,5,5,11,46.0,4.0,7.0,2,3,4,0,9,4.0,7,6.0,5.0,12,2.0,1,8,9,8,6,26,7.0,12,0,1,7,1,3,5,4.0,2.0,8.0,0.0,14,3.0,4,9,9,4,5,4,0.0,14,3,9,3.0,3,19.0,1.0,12,9,6,10,2,28,4.0,3,4,0,7,2,37.0,18.0,24,1,2,0.0,9.0,1,3,5.0,0.0,2,4.0,2.0,1.0,7,3,3.0,1.0,4.0,0.0,0,1,3.0,3,4,4,1.0,7,19.0,5.0,3.0,0.0,5.0,1.0,4.0,1.0,0.0,7,0.0,5,5.0,3,3,7,3.0,5,4,33.0,3.0,2.0,1,6,2,2,,25,2.0,4,1.0,0.0,4.0,1,9.0,0,2.0,0.0,0,0.0,1,1.0,0.0,24,1,,1.0,6,3.0,0,1.0,4.0,0.0,4.0,3.0,0.0,1.0,3.0,3.0,0.0,0.0,0.0,0.0,6.0,1.0,1.0,0.0,5.0,109.0,0.0,0.0,4.0,0.0,0.0,1.0,0.0,1.0,2.0,1.0,0.0,0.0,3.0,2.0,0.0,17.0,6,0,0.0,1.0,3.0,0.0,1.0,75.0,12.0,1.0,0.0,0.0,2.0,0.0,2.0,0.0,0.0,0.0,0.0,2,1.0,0.0,0.0,0.0,76.0,4.0,1.0,13.0,1.0,1.0,1.0,3,3.0,2.0,3.0,,,0.0,0.0,13.0,0.0,0.0,2.0,1.0,2.0,0.0,5.0,0.0,0.0,0.0,0.0,2.0,3.0,2.0,1.0,1.0,0.0,5.0,1.0,2.0,1.0,2.0,1.0,0.0,2.0,0.0,0.0,,10,2.0,0.0,,1.0,0.0,0.0,0.0,0.0,2.0,1.0,1.0,2.0,,0.0,,0.0,,,2.0,,0.0,,0.0,0.0,0.0,0.0,0.0,0.0,0.0,,,1.0,0.0,0.0,,0.0,,2.0,1.0,0.0,,,,,,1.0,1.0,,,,,
Louisiana,82,75,339,180,5,12,17,28,1,28,11,19,0.0,5,32,2.0,111,1,1.0,4,6,24,16,22,32,3,108,8,32,7,61,7.0,17,0.0,20,15,0,18,31,1.0,18,11,24,20,3.0,46,12,22,12,7,5,8,18,23.0,28,7,23,8,0.0,13,13,10,7,90,15.0,33,0,19,11,0,4,21,7,2,8,6,0,2,14,21.0,12,12,6,12,6,2.0,2.0,0,11,4,2.0,10,6,12,17,9,37.0,2,2,51,0,15,4.0,0,27,7,17,10,20.0,8.0,3.0,13,5,11,0,5,8.0,1,1.0,3.0,2,2.0,17,11,3,13,32,5,7.0,16,2,6,16,0,5,6,25.0,0.0,2.0,1.0,4,7.0,74,4,19,17,6,3,0.0,6,3,16,4.0,9,1.0,5.0,6,4,11,7,8,0,0.0,2,11,5,174,4,2.0,2.0,2,7,3,0.0,2.0,2,0,2.0,0.0,3,1.0,0.0,22.0,9,1,17.0,4.0,1.0,0.0,0,7,1.0,4,1,4,12.0,1,4.0,0.0,1.0,6.0,6.0,8.0,0.0,0.0,0.0,5,0.0,30,2.0,2,5,1,1.0,3,24,90.0,32.0,2.0,4,7,5,2,2.0,9,1.0,4,0.0,0.0,1.0,5,2.0,2,1.0,0.0,0,7.0,0,2.0,0.0,1,3,,1.0,3,0.0,2,2.0,0.0,1.0,,0.0,0.0,0.0,0.0,5.0,0.0,9.0,,1.0,2.0,2.0,1.0,0.0,1.0,4.0,1.0,4.0,7.0,,1.0,0.0,0.0,4.0,1.0,0.0,,0.0,0.0,0.0,1.0,1.0,4,4,0.0,0.0,0.0,1.0,4.0,152.0,4.0,,0.0,0.0,1.0,0.0,0.0,0.0,,,2.0,0,,0.0,4.0,3.0,0.0,8.0,0.0,1.0,1.0,1.0,,8,4.0,3.0,7.0,,0.0,0.0,1.0,1.0,0.0,2.0,2.0,7.0,,1.0,5.0,0.0,1.0,2.0,0.0,0.0,7.0,4.0,0.0,0.0,0.0,,,2.0,,0.0,1.0,0.0,1.0,0.0,,,0,0.0,2.0,,,0.0,1.0,1.0,0.0,0.0,2.0,0.0,0.0,,0.0,1.0,,,0.0,25.0,3.0,,,6.0,0.0,1.0,,1.0,,2.0,,,1.0,1.0,,1.0,,,0.0,,0.0,,,,,0.0,1.0,,,,,,
Maine,9,7,3,14,2,6,6,16,0,31,9,36,0.0,2,8,0.0,7,0,0.0,1,1,7,15,5,11,17,5,15,5,6,10,1.0,5,0.0,5,5,0,6,8,1.0,9,0,8,4,5.0,19,6,6,0,2,15,20,2,3.0,6,4,4,4,3.0,4,9,5,4,4,1.0,1,0,17,4,0,3,1,2,0,7,2,0,2,3,2.0,4,4,1,10,0,0.0,7.0,0,0,1,5.0,0,0,3,5,7,0.0,1,0,5,0,0,4.0,0,2,3,1,1,0.0,1.0,2.0,3,0,4,0,1,1.0,4,2.0,0.0,0,4.0,0,0,2,3,0,3,5.0,0,1,2,0,0,3,1,3.0,0.0,0.0,1.0,3,1.0,0,3,3,1,2,1,1.0,1,1,3,1.0,3,2.0,0.0,3,1,3,6,0,1,,10,4,6,0,0,5.0,0.0,1,1,0,0.0,0.0,0,0,,,1,1.0,2.0,5.0,10,2,0.0,1.0,,0.0,9,1,1.0,1,3,3,0.0,0,1.0,0.0,0.0,0.0,1.0,1.0,0.0,1.0,2.0,0,0.0,2,,0,0,3,3.0,2,1,0.0,0.0,0.0,0,1,1,0,0.0,2,0.0,2,,1.0,0.0,1,1.0,1,4.0,0.0,8,,0,1.0,0.0,0,0,,0.0,6,,0,1.0,0.0,2.0,0.0,0.0,0.0,0.0,3.0,,0.0,2.0,1.0,,0.0,0.0,0.0,1.0,1.0,1.0,0.0,0.0,0.0,19.0,0.0,1.0,0.0,0.0,2.0,0.0,0.0,0.0,,1.0,1.0,8.0,5,0,0.0,1.0,1.0,0.0,0.0,0.0,3.0,,0.0,0.0,0.0,0.0,0.0,0.0,,0.0,0.0,0,0.0,0.0,,0.0,0.0,,1.0,8.0,1.0,0.0,0.0,0,1.0,1.0,,0.0,0.0,1.0,0.0,1.0,0.0,,,0.0,1.0,0.0,0.0,1.0,1.0,0.0,1.0,,0.0,1.0,0.0,1.0,,0.0,,0.0,1.0,0.0,,,0.0,0.0,,,0,1.0,,0.0,,0.0,0.0,0.0,2.0,,,0.0,0.0,,0.0,1.0,0.0,,0.0,,0.0,,,,0.0,,,0.0,,,,,0.0,,,,,,,,0.0,,,,,,,,,,,,
Maryland,267,123,165,154,46,23,38,187,55,82,63,77,43.0,114,142,175.0,76,92,56.0,55,83,26,38,31,56,33,62,63,21,73,54,5.0,43,16.0,74,49,34,34,25,17.0,59,28,34,62,38.0,51,37,20,39,21,35,18,35,37.0,17,19,24,22,6.0,18,38,17,17,27,28.0,10,5,46,12,23,18,6,11,47,14,22,9,14,43,22.0,24,25,11,52,39,34.0,8.0,24,7,26,11.0,3,11,22,46,30,2.0,18,21,47,28,18,33.0,4,16,8,29,9,14.0,11.0,9.0,30,15,9,4,19,19.0,33,36.0,21.0,12,5.0,16,7,5,36,29,15,9.0,24,12,6,26,12,41,17,11.0,27.0,0.0,2.0,9,4.0,5,12,5,28,17,10,3.0,26,8,13,9.0,10,0.0,12.0,30,25,3,15,10,4,19.0,2,8,10,2,14,12.0,4.0,6,2,3,13.0,2.0,6,11,2.0,1.0,15,5.0,80.0,12.0,5,1,56.0,1.0,9.0,2.0,17,4,14.0,18,9,23,27.0,4,1.0,6.0,5.0,1.0,9.0,10.0,25.0,1.0,36.0,22,2.0,8,1.0,4,2,14,27.0,3,9,67.0,4.0,15.0,8,2,13,35,,19,1.0,7,13.0,4.0,19.0,6,7.0,4,15.0,1.0,25,19.0,5,7.0,3.0,5,6,0.0,1.0,9,3.0,3,17.0,14.0,0.0,41.0,5.0,10.0,19.0,18.0,17.0,2.0,0.0,1.0,5.0,9.0,0.0,0.0,5.0,19.0,10.0,1.0,5.0,6.0,5.0,0.0,15.0,20.0,11.0,6.0,3.0,0.0,11.0,3.0,5.0,32.0,9.0,4,5,2.0,25.0,3.0,,3.0,15.0,4.0,1.0,18.0,1.0,1.0,1.0,1.0,3.0,7.0,2.0,4.0,3,8.0,0.0,3.0,0.0,9.0,4.0,2.0,5.0,6.0,1.0,7.0,9,8.0,12.0,3.0,0.0,1.0,5.0,2.0,7.0,4.0,0.0,6.0,2.0,6.0,1.0,5.0,0.0,6.0,2.0,0.0,1.0,5.0,1.0,4.0,3.0,7.0,2.0,0.0,1.0,1.0,1.0,0.0,7.0,3.0,3.0,0.0,1.0,3,7.0,1.0,2.0,1.0,0.0,12.0,5.0,0.0,1.0,7.0,1.0,1.0,,10.0,4.0,0.0,1.0,5.0,24.0,0.0,0.0,0.0,1.0,0.0,2.0,0.0,2.0,0.0,,0.0,0.0,4.0,,,0.0,1.0,0.0,0.0,1.0,0.0,,0.0,1.0,,0.0,,,,,,,0.0
Massachusetts,387,262,292,475,33,56,82,304,83,363,156,51,1.0,339,272,110.0,185,16,108.0,208,208,90,161,63,189,199,73,156,67,191,100,3.0,34,27.0,171,77,176,99,29,99.0,128,29,70,133,17.0,110,168,69,108,44,135,58,63,139.0,35,111,54,59,19.0,30,34,39,21,20,80.0,15,24,93,17,45,51,7,54,61,50,61,8,11,33,37.0,32,60,38,13,105,125.0,29.0,25,8,73,33.0,1,66,30,27,40,16.0,43,64,53,150,14,34.0,17,26,36,98,18,41.0,38.0,64.0,127,36,10,3,15,32.0,83,115.0,84.0,19,34.0,27,31,30,35,38,37,19.0,50,18,7,35,123,104,49,30.0,136.0,4.0,2.0,16,9.0,11,27,35,71,33,42,5.0,42,8,15,39.0,24,43.0,45.0,34,48,41,28,8,16,62.0,20,9,13,13,31,203.0,43.0,16,6,2,29.0,21.0,33,18,1.0,81.0,24,6.0,97.0,9.0,29,8,70.0,9.0,32.0,4.0,96,10,31.0,53,81,65,96.0,18,2.0,34.0,23.0,14.0,23.0,17.0,44.0,5.0,128.0,15,16.0,10,0.0,21,14,16,71.0,21,10,17.0,8.0,12.0,12,15,18,171,2.0,50,14.0,9,31.0,8.0,8.0,10,21.0,14,30.0,5.0,92,3.0,45,3.0,2.0,5,42,1.0,2.0,8,4.0,5,14.0,24.0,1.0,54.0,41.0,22.0,10.0,245.0,42.0,4.0,6.0,3.0,2.0,9.0,1.0,0.0,8.0,81.0,27.0,1.0,20.0,6.0,31.0,13.0,14.0,9.0,10.0,7.0,135.0,4.0,4.0,0.0,1.0,23.0,12.0,55,9,9.0,51.0,7.0,0.0,6.0,21.0,24.0,16.0,41.0,1.0,6.0,1.0,1.0,3.0,4.0,33.0,47.0,15,8.0,13.0,1.0,4.0,11.0,1.0,17.0,36.0,25.0,27.0,24.0,260,21.0,12.0,1.0,3.0,2.0,42.0,4.0,11.0,16.0,1.0,29.0,8.0,14.0,3.0,7.0,8.0,8.0,4.0,5.0,,11.0,4.0,4.0,6.0,4.0,29.0,1.0,8.0,0.0,2.0,0.0,11.0,3.0,25.0,0.0,0.0,34,19.0,0.0,1.0,2.0,3.0,23.0,73.0,23.0,5.0,1.0,0.0,3.0,0.0,6.0,21.0,3.0,1.0,2.0,3.0,3.0,0.0,0.0,5.0,1.0,17.0,2.0,1.0,0.0,1.0,0.0,0.0,0.0,0.0,0.0,0.0,0.0,0.0,1.0,1.0,6.0,,0.0,,1.0,2.0,1.0,1.0,,,,0.0,
Michigan,595,446,1097,1135,16,13,219,117,20,372,127,290,3.0,82,116,11.0,238,8,14.0,108,66,238,253,398,350,94,69,216,142,110,283,5.0,55,38.0,87,95,36,46,89,31.0,168,39,710,172,58.0,141,206,138,58,148,138,110,85,105.0,124,132,64,108,114.0,39,124,384,263,49,14.0,32,1,83,37,10,43,21,199,18,118,61,5,231,35,161.0,166,82,74,73,38,8.0,13.0,18,340,103,12.0,13,103,59,69,117,18.0,47,50,46,10,57,30.0,0,41,26,47,29,61.0,37.0,69.0,127,62,30,0,58,88.0,57,12.0,18.0,96,31.0,36,25,40,71,62,87,30.0,39,129,182,33,15,31,64,59.0,14.0,43.0,33.0,116,27.0,9,133,63,112,24,78,2.0,31,52,31,124.0,35,4.0,21.0,34,81,49,31,23,30,19.0,11,15,14,16,18,10.0,12.0,35,54,7,3.0,87.0,49,2,14.0,7.0,20,23.0,7.0,23.0,21,16,6.0,11.0,91.0,8.0,24,24,12.0,11,28,34,13.0,94,48.0,18.0,10.0,3.0,22.0,19.0,17.0,6.0,51.0,56,5.0,38,4.0,34,20,90,10.0,35,12,50.0,22.0,11.0,16,84,55,64,0.0,50,52.0,23,40.0,47.0,15.0,11,22.0,4,23.0,1.0,35,24.0,2,7.0,14.0,6,15,0.0,4.0,238,10.0,32,30.0,21.0,85.0,2.0,15.0,12.0,25.0,37.0,41.0,0.0,2.0,1.0,2.0,60.0,8.0,1.0,12.0,22.0,17.0,3.0,15.0,14.0,4.0,6.0,13.0,1.0,79.0,65.0,4.0,0.0,0.0,0.0,64.0,16.0,53.0,32,52,0.0,38.0,13.0,2.0,18.0,4.0,9.0,19.0,12.0,7.0,7.0,48.0,15.0,4.0,8.0,3.0,3.0,105,7.0,2.0,8.0,6.0,13.0,12.0,6.0,7.0,23.0,4.0,8.0,14,7.0,64.0,35.0,0.0,0.0,31.0,17.0,2.0,4.0,3.0,23.0,13.0,35.0,2.0,54.0,4.0,8.0,1.0,4.0,2.0,13.0,23.0,5.0,34.0,0.0,3.0,9.0,36.0,8.0,2.0,0.0,2.0,15.0,14.0,1.0,2.0,78,9.0,4.0,1.0,11.0,2.0,5.0,0.0,3.0,12.0,6.0,2.0,0.0,0.0,4.0,4.0,69.0,0.0,110.0,19.0,5.0,2.0,0.0,9.0,0.0,3.0,0.0,1.0,3.0,0.0,0.0,0.0,2.0,0.0,0.0,0.0,1.0,3.0,4.0,7.0,0.0,,0.0,0.0,2.0,0.0,3.0,,0.0,,,,
Minnesota,142,214,168,292,14,21,25,66,22,388,88,109,0.0,63,243,7.0,132,53,18.0,85,49,58,49,91,112,81,10,135,68,73,98,5.0,37,18.0,146,29,29,36,88,20.0,133,26,83,155,25.0,130,95,33,84,74,125,64,83,39.0,29,40,41,62,6.0,54,121,30,25,23,17.0,23,7,61,23,10,40,49,34,15,29,29,6,59,35,36.0,62,34,23,31,19,23.0,9.0,204,20,37,13.0,39,31,18,141,36,11.0,21,28,40,33,37,9.0,5,34,23,35,15,37.0,8.0,28.0,19,35,20,1,36,8.0,23,55.0,9.0,20,25.0,66,10,23,19,22,22,26.0,27,6,13,19,30,22,31,75.0,59.0,14.0,2.0,33,5.0,12,24,24,36,40,20,0.0,16,16,22,2.0,18,10.0,33.0,18,85,18,20,10,10,18.0,14,20,15,16,33,4.0,15.0,56,10,10,6.0,6.0,10,4,6.0,5.0,14,2.0,15.0,19.0,8,28,17.0,21.0,18.0,3.0,12,17,18.0,0,154,23,31.0,16,2.0,14.0,3.0,3.0,16.0,9.0,50.0,,27.0,16,5.0,4,11.0,37,5,27,19.0,12,21,6.0,0.0,2.0,12,19,24,46,0.0,19,11.0,5,5.0,4.0,8.0,10,12.0,4,14.0,0.0,44,11.0,12,1.0,7.0,15,6,2.0,0.0,41,7.0,4,16.0,20.0,3.0,15.0,12.0,7.0,6.0,173.0,13.0,6.0,1.0,1.0,5.0,14.0,5.0,5.0,1.0,18.0,18.0,1.0,7.0,2.0,29.0,10.0,11.0,1.0,12.0,10.0,47.0,4.0,2.0,4.0,0.0,1.0,35.0,41,10,1.0,0.0,3.0,6.0,7.0,1.0,17.0,9.0,5.0,1.0,13.0,0.0,1.0,19.0,6.0,16.0,1.0,9,2.0,4.0,1.0,2.0,4.0,12.0,6.0,10.0,25.0,10.0,1.0,36,22.0,4.0,4.0,1.0,0.0,31.0,3.0,6.0,12.0,2.0,39.0,21.0,1.0,2.0,36.0,1.0,1.0,1.0,1.0,,3.0,6.0,1.0,1.0,3.0,0.0,2.0,6.0,3.0,1.0,0.0,1.0,2.0,21.0,1.0,,2,9.0,1.0,2.0,0.0,2.0,2.0,21.0,2.0,4.0,1.0,0.0,0.0,,3.0,4.0,2.0,1.0,2.0,3.0,0.0,,0.0,0.0,0.0,0.0,1.0,1.0,1.0,7.0,0.0,1.0,0.0,3.0,2.0,0.0,0.0,0.0,2.0,0.0,17.0,,0.0,1.0,,4.0,0.0,,,,1.0,,
Mississippi,19,10,13,10,0,12,5,6,1,2,6,5,0.0,1,8,1.0,8,1,0.0,2,1,7,4,7,16,3,2,6,8,4,5,1.0,5,1.0,6,9,7,0,17,0.0,2,3,3,3,0.0,3,3,10,9,6,3,3,2,3.0,3,13,4,3,0.0,5,4,4,18,9,0.0,11,0,6,3,5,2,6,2,1,5,0,0,3,9,4.0,6,3,3,5,2,2.0,0.0,2,4,3,1.0,6,6,7,3,8,0.0,1,1,6,1,2,1.0,0,4,2,10,4,3.0,0.0,1.0,2,1,6,0,2,0.0,4,0.0,0.0,1,0.0,2,1,2,5,6,0,3.0,7,0,0,4,2,0,2,2.0,0.0,0.0,0.0,2,2.0,4,6,0,1,3,3,2.0,6,2,1,1.0,2,5.0,2.0,3,1,1,2,1,0,0.0,0,8,0,4,2,0.0,,0,2,0,0.0,2.0,1,0,0.0,0.0,3,1.0,0.0,6.0,0,2,2.0,1.0,1.0,1.0,3,1,0.0,0,1,8,,1,0.0,6.0,1.0,,0.0,3.0,2.0,,0.0,3,0.0,1,3.0,0,1,4,9.0,0,1,0.0,0.0,0.0,2,1,1,0,4.0,1,2.0,3,0.0,0.0,0.0,1,2.0,0,1.0,6.0,0,6.0,1,1.0,1.0,1,0,,2.0,1,0.0,2,2.0,,1.0,0.0,,1.0,0.0,0.0,0.0,0.0,0.0,0.0,0.0,3.0,2.0,0.0,,0.0,0.0,0.0,0.0,0.0,1.0,,0.0,0.0,1.0,0.0,0.0,0.0,0.0,,0.0,0.0,6.0,1,2,,0.0,0.0,0.0,0.0,0.0,0.0,,0.0,1.0,,0.0,0.0,1.0,1.0,,0.0,1,,,0.0,0.0,0.0,2.0,1.0,0.0,1.0,,,0,4.0,,0.0,,,0.0,1.0,0.0,0.0,0.0,0.0,1.0,,0.0,2.0,1.0,0.0,0.0,,,0.0,0.0,0.0,1.0,,0.0,,0.0,,0.0,0.0,,3.0,0.0,,,1,2.0,,,,,,,0.0,0.0,0.0,1.0,1.0,,,0.0,,,0.0,,1.0,,,,,,,,0.0,,,,0.0,0.0,0.0,,,,1.0,,,,,,,,,,,,,,
Missouri,136,37,293,122,9,7,11,58,7,43,37,88,2.0,11,54,2.0,70,12,2.0,20,24,42,28,68,66,19,31,33,37,19,66,5.0,38,2.0,88,33,6,27,51,5.0,68,6,35,56,9.0,36,23,38,28,29,31,6,67,23.0,24,25,43,40,8.0,44,20,21,15,28,35.0,22,0,46,13,3,16,27,23,8,22,18,6,9,52,29.0,18,31,12,25,11,18.0,1.0,9,17,25,6.0,17,29,17,87,37,3.0,4,1,24,2,8,10.0,2,15,39,22,16,18.0,7.0,10.0,31,25,13,0,22,7.0,61,2.0,2.0,15,6.0,9,19,16,14,19,12,10.0,29,2,11,14,1,18,21,26.0,0.0,7.0,13.0,10,4.0,5,19,38,38,4,13,0.0,8,10,28,15.0,4,0.0,2.0,18,28,10,6,2,2,1.0,11,5,5,8,4,1.0,0.0,10,17,10,4.0,10.0,0,0,34.0,6.0,3,5.0,3.0,22.0,13,29,3.0,2.0,9.0,8.0,32,8,3.0,4,7,4,1.0,12,1.0,3.0,2.0,4.0,6.0,4.0,0.0,0.0,3.0,27,0.0,17,2.0,10,3,16,1.0,6,5,30.0,19.0,2.0,8,5,10,8,0.0,11,0.0,7,1.0,2.0,7.0,4,15.0,1,7.0,3.0,3,145.0,0,0.0,5.0,3,6,0.0,0.0,4,24.0,2,22.0,3.0,3.0,0.0,0.0,4.0,13.0,12.0,7.0,2.0,0.0,0.0,2.0,4.0,1.0,1.0,4.0,2.0,7.0,1.0,11.0,13.0,0.0,0.0,0.0,1.0,10.0,10.0,1.0,0.0,1.0,2.0,10.0,1.0,2.0,11,107,0.0,4.0,6.0,,2.0,2.0,12.0,1.0,6.0,0.0,1.0,2.0,0.0,2.0,1.0,0.0,5.0,3,0.0,0.0,0.0,2.0,1.0,3.0,4.0,44.0,0.0,0.0,1.0,9,9.0,4.0,29.0,0.0,,1.0,2.0,1.0,0.0,0.0,7.0,15.0,1.0,2.0,18.0,0.0,3.0,0.0,0.0,1.0,6.0,1.0,6.0,2.0,0.0,,0.0,24.0,3.0,2.0,0.0,0.0,6.0,5.0,0.0,0.0,8,0.0,,1.0,,1.0,2.0,1.0,1.0,5.0,2.0,0.0,4.0,,0.0,2.0,0.0,4.0,1.0,15.0,0.0,2.0,,0.0,0.0,0.0,,1.0,1.0,0.0,1.0,3.0,2.0,1.0,,,,1.0,15.0,1.0,0.0,0.0,,,0.0,2.0,0.0,0.0,,0.0,,,
Montana,26,4,1,0,0,0,5,5,1,5,4,7,0.0,2,1,0.0,5,1,0.0,1,1,6,5,11,3,3,5,3,14,1,4,1.0,8,,4,4,1,2,12,0.0,2,2,6,0,0.0,7,1,3,2,2,2,1,2,1.0,2,2,7,6,0.0,12,3,0,1,4,0.0,4,0,11,7,1,0,4,1,0,2,0,0,1,4,4.0,1,3,0,0,2,0.0,4.0,0,3,6,0.0,10,0,1,5,2,,0,1,4,0,3,0.0,0,1,2,4,2,0.0,0.0,0.0,1,4,1,0,2,0.0,1,0.0,,0,0.0,0,0,0,1,4,0,0.0,2,0,0,0,0,1,1,0.0,,1.0,0.0,7,0.0,3,4,2,0,2,3,0.0,1,1,1,0.0,1,0.0,1.0,1,1,2,5,2,1,0.0,1,2,4,1,2,,0.0,0,2,1,0.0,1.0,2,0,0.0,0.0,0,0.0,,0.0,4,1,1.0,0.0,,1.0,2,0,0.0,0,0,0,0.0,1,,1.0,,,3.0,2.0,0.0,0.0,0.0,0,0.0,3,6.0,0,0,2,,0,1,2.0,3.0,2.0,0,0,3,0,0.0,0,0.0,3,0.0,0.0,0.0,2,,0,2.0,,0,3.0,0,0.0,1.0,1,0,0.0,,2,0.0,1,0.0,,1.0,0.0,1.0,,,,,1.0,0.0,,0.0,1.0,0.0,1.0,0.0,1.0,1.0,,1.0,1.0,,0.0,2.0,,1.0,1.0,,,0.0,0.0,0.0,,0.0,1,0,0.0,,1.0,1.0,0.0,2.0,0.0,0.0,0.0,,1.0,0.0,0.0,0.0,,,6.0,0,,,,0.0,,3.0,,2.0,,0.0,,1,3.0,0.0,0.0,,,,1.0,2.0,,0.0,,0.0,,1.0,1.0,,0.0,,0.0,,92.0,0.0,0.0,0.0,,0.0,,0.0,2.0,,1.0,,0.0,0.0,,,0,1.0,4.0,1.0,1.0,,1.0,,,2.0,,,,,,,,0.0,0.0,0.0,,,,,0.0,,,0.0,0.0,,,,0.0,,,,,,2.0,,,,,,,,,,,,,,
Nebraska,30,20,5,4,3,8,1,11,0,4,21,22,,4,17,0.0,19,1,1.0,4,10,14,3,22,15,13,7,2,11,3,18,7.0,14,5.0,10,11,4,3,17,3.0,5,2,9,4,0.0,9,1,15,5,31,4,9,12,3.0,3,10,9,18,0.0,11,5,4,9,1,2.0,11,0,14,4,3,1,19,6,1,3,3,2,8,17,7.0,2,4,5,7,1,0.0,1.0,0,6,2,0.0,38,3,2,8,5,1.0,0,0,1,0,2,3.0,0,8,2,5,10,4.0,0.0,2.0,1,6,6,0,6,0.0,0,1.0,0.0,6,1.0,9,1,1,1,15,2,8.0,5,0,3,3,0,2,8,2.0,0.0,2.0,2.0,6,7.0,1,8,6,4,4,1,,0,2,5,1.0,0,1.0,2.0,1,2,5,2,9,1,1.0,1,3,4,1,3,1.0,,2,14,1,0.0,0.0,2,0,6.0,0.0,5,2.0,1.0,4.0,3,3,,1.0,2.0,0.0,2,5,0.0,2,4,2,1.0,2,0.0,1.0,0.0,2.0,1.0,5.0,0.0,,1.0,6,0.0,2,6.0,1,1,1,,2,1,4.0,1.0,,3,0,6,1,0.0,5,0.0,3,0.0,2.0,2.0,0,6.0,0,1.0,,0,1.0,0,0.0,3.0,1,1,0.0,0.0,1,1.0,0,1.0,1.0,0.0,0.0,0.0,1.0,1.0,0.0,,2.0,,0.0,4.0,0.0,0.0,4.0,1.0,0.0,0.0,0.0,0.0,1.0,0.0,0.0,1.0,1.0,3.0,0.0,0.0,,1.0,0.0,,0.0,0.0,1,6,1.0,,1.0,1.0,4.0,1.0,0.0,,0.0,0.0,0.0,0.0,1.0,,,,1.0,1,0.0,0.0,,0.0,0.0,1.0,1.0,0.0,9.0,0.0,,3,0.0,3.0,0.0,,0.0,,1.0,3.0,1.0,0.0,0.0,4.0,,1.0,2.0,0.0,2.0,1.0,1.0,0.0,2.0,0.0,0.0,0.0,,0.0,,,0.0,0.0,0.0,2.0,2.0,,,,3,0.0,2.0,0.0,,,0.0,,0.0,0.0,1.0,0.0,,,,,,,1.0,,0.0,,0.0,,,0.0,,0.0,0.0,0.0,,,0.0,,,0.0,,,2.0,0.0,,,,0.0,,,,,,,,,
Nevada,7,10,1,9,6,6,7,0,6,9,16,9,1.0,6,12,1.0,17,0,0.0,5,1,8,5,20,11,3,21,3,7,4,15,0.0,8,1.0,8,8,5,4,9,4.0,11,0,9,6,4.0,6,4,3,5,9,4,3,10,1.0,1,4,10,2,1.0,7,12,6,6,2,,6,0,10,1,2,3,0,5,1,0,0,1,1,8,1.0,3,2,7,13,0,1.0,1.0,0,4,2,,3,2,6,3,5,0.0,1,0,1,1,4,0.0,0,9,1,7,2,2.0,7.0,1.0,3,1,0,0,3,0.0,0,1.0,0.0,2,3.0,4,0,1,7,12,2,12.0,2,1,2,2,0,1,6,1.0,1.0,14.0,0.0,2,0.0,2,9,7,1,5,4,,7,0,4,0.0,0,0.0,2.0,3,1,0,4,6,2,0.0,0,11,3,6,0,1.0,1.0,0,3,3,1.0,2.0,1,0,0.0,0.0,1,0.0,2.0,0.0,1,4,,1.0,0.0,4.0,15,1,0.0,1,1,2,1.0,2,0.0,1.0,0.0,,0.0,0.0,0.0,1.0,1.0,0,1.0,3,0.0,0,1,2,0.0,1,1,2.0,0.0,1.0,0,2,2,6,,3,0.0,3,0.0,1.0,0.0,3,0.0,0,0.0,,2,,1,0.0,0.0,9,0,,1.0,2,8.0,3,2.0,0.0,0.0,3.0,0.0,4.0,3.0,0.0,1.0,0.0,0.0,0.0,,1.0,,0.0,0.0,0.0,0.0,1.0,4.0,1.0,0.0,0.0,0.0,0.0,2.0,0.0,0.0,0.0,0.0,,0.0,3.0,0.0,0,3,0.0,0.0,1.0,0.0,0.0,2.0,1.0,0.0,0.0,0.0,0.0,1.0,,0.0,0.0,0.0,16.0,1,,0.0,0.0,0.0,0.0,1.0,0.0,0.0,0.0,1.0,3.0,2,1.0,0.0,0.0,0.0,,,,0.0,3.0,,0.0,2.0,0.0,0.0,1.0,,1.0,,0.0,0.0,0.0,,,0.0,,,,1.0,1.0,0.0,1.0,0.0,1.0,1.0,,,1,1.0,0.0,,0.0,0.0,0.0,0.0,0.0,0.0,0.0,,,0.0,,0.0,3.0,6.0,,0.0,0.0,,,1.0,,,0.0,,,1.0,0.0,,,,,,,,,,,,,,,,0.0,,,,,,
New Hampshire,7,35,7,14,8,16,14,8,16,55,17,25,0.0,27,24,24.0,25,1,24.0,14,12,13,50,9,34,21,4,43,6,45,20,1.0,14,0.0,23,13,11,8,2,15.0,29,6,2,15,2.0,14,17,5,8,16,31,6,12,9.0,1,17,9,10,16.0,17,7,8,3,6,1.0,6,3,27,3,10,13,2,1,13,35,5,0,2,5,9.0,3,5,5,8,19,8.0,1.0,2,2,12,4.0,1,9,2,8,9,0.0,7,4,4,7,3,10.0,3,0,1,6,3,5.0,4.0,10.0,6,4,1,0,0,33.0,13,23.0,0.0,4,4.0,4,4,2,9,4,6,3.0,3,4,0,4,13,8,1,6.0,15.0,0.0,1.0,2,1.0,3,1,20,5,1,10,0.0,4,6,1,1.0,3,3.0,3.0,4,7,11,23,1,7,4.0,4,1,2,1,5,16.0,26.0,2,3,0,1.0,1.0,7,1,0.0,1.0,2,2.0,13.0,1.0,4,1,14.0,3.0,4.0,0.0,29,4,8.0,1,10,7,10.0,1,1.0,0.0,2.0,1.0,13.0,1.0,4.0,1.0,6.0,0,4.0,1,,0,6,1,9.0,3,0,1.0,1.0,1.0,0,0,5,15,0.0,1,2.0,2,3.0,2.0,1.0,0,6.0,5,16.0,0.0,6,0.0,4,0.0,0.0,1,2,1.0,0.0,0,0.0,1,3.0,11.0,1.0,10.0,10.0,1.0,0.0,16.0,4.0,0.0,2.0,2.0,,4.0,0.0,0.0,3.0,2.0,32.0,0.0,0.0,10.0,4.0,2.0,1.0,1.0,0.0,0.0,7.0,1.0,0.0,0.0,,0.0,1.0,5,1,0.0,1.0,3.0,,2.0,1.0,3.0,4.0,3.0,,0.0,2.0,0.0,1.0,0.0,21.0,3.0,1,0.0,0.0,0.0,0.0,0.0,1.0,2.0,16.0,4.0,9.0,3.0,15,1.0,2.0,0.0,,1.0,0.0,1.0,0.0,0.0,0.0,3.0,1.0,1.0,1.0,0.0,0.0,0.0,0.0,,,2.0,1.0,0.0,0.0,0.0,4.0,0.0,0.0,0.0,0.0,1.0,5.0,0.0,4.0,0.0,,1,2.0,,0.0,1.0,2.0,1.0,3.0,18.0,2.0,0.0,,0.0,,0.0,0.0,1.0,0.0,0.0,,0.0,,,,0.0,1.0,,0.0,0.0,2.0,,0.0,,,0.0,,0.0,,,0.0,5.0,,0.0,,,1.0,0.0,,,,,,
New Jersey,2492,209,2145,1608,57,245,61,232,227,522,145,112,26.0,168,229,72.0,268,62,182.0,126,131,85,259,64,195,148,339,110,59,154,119,23.0,47,61.0,332,59,108,189,45,69.0,197,41,64,105,26.0,220,283,80,191,70,172,76,164,135.0,49,75,56,98,73.0,47,75,45,20,38,103.0,31,12,65,14,107,90,6,37,120,98,48,20,16,40,93.0,37,67,46,74,465,171.0,45.0,48,16,50,46.0,2,55,51,517,51,66.0,41,46,30,228,62,54.0,16,41,29,49,16,99.0,59.0,57.0,168,67,15,2,47,20.0,83,142.0,30.0,26,68.0,58,48,34,124,58,34,49.0,66,21,14,48,37,92,51,54.0,74.0,6.0,11.0,19,13.0,11,26,27,221,47,36,10.0,34,18,47,98.0,5,207.0,40.0,78,36,50,21,18,33,82.0,17,11,13,66,42,160.0,12.0,31,18,7,72.0,23.0,14,8,3.0,91.0,36,9.0,130.0,17.0,47,41,16.0,12.0,14.0,10.0,26,18,49.0,29,34,53,82.0,19,8.0,23.0,19.0,8.0,94.0,10.0,74.0,10.0,340.0,17,8.0,117,6.0,15,16,42,141.0,34,11,436.0,393.0,11.0,16,5,19,132,2.0,70,7.0,14,47.0,2.0,24.0,9,14.0,3,82.0,4.0,283,121.0,7,4.0,2.0,16,11,0.0,2.0,16,8.0,13,21.0,38.0,2.0,72.0,22.0,19.0,33.0,312.0,36.0,6.0,19.0,8.0,4.0,6.0,0.0,1.0,5.0,82.0,29.0,8.0,11.0,7.0,55.0,102.0,42.0,49.0,6.0,11.0,18.0,14.0,7.0,2.0,4.0,26.0,14.0,54,3,2.0,100.0,17.0,0.0,3.0,617.0,27.0,40.0,65.0,0.0,11.0,0.0,0.0,10.0,9.0,25.0,17.0,9,23.0,2.0,4.0,13.0,74.0,2.0,7.0,13.0,32.0,22.0,66.0,19,39.0,9.0,305.0,6.0,7.0,6.0,1.0,14.0,12.0,0.0,35.0,13.0,20.0,11.0,382.0,2.0,8.0,20.0,8.0,7.0,33.0,9.0,10.0,5.0,12.0,28.0,2.0,30.0,2.0,3.0,3.0,15.0,70.0,70.0,0.0,,5,13.0,0.0,3.0,3.0,0.0,6.0,25.0,1.0,0.0,11.0,0.0,3.0,0.0,14.0,7.0,2.0,0.0,0.0,60.0,2.0,1.0,0.0,45.0,0.0,1.0,1.0,11.0,2.0,7.0,2.0,0.0,16.0,0.0,2.0,0.0,0.0,5.0,1.0,0.0,5.0,,0.0,,130.0,1.0,6.0,0.0,1.0,0.0,1.0,,
New Mexico,14,35,14,11,4,4,11,8,4,17,18,8,5.0,51,15,12.0,6,20,1.0,27,35,7,9,21,7,14,17,15,3,35,7,1.0,9,0.0,5,8,27,8,4,9.0,4,4,11,26,12.0,3,19,13,8,2,4,0,3,17.0,4,5,4,1,2.0,6,7,7,1,2,3.0,1,0,19,4,2,5,3,2,4,4,1,0,8,6,0.0,16,10,7,1,9,55.0,3.0,2,2,7,0.0,0,11,5,5,1,1.0,9,5,4,6,3,2.0,0,4,2,11,1,0.0,14.0,3.0,6,1,4,0,1,4.0,6,7.0,7.0,2,0.0,0,8,3,5,8,0,2.0,1,3,1,4,0,1,2,1.0,2.0,1.0,1.0,0,1.0,16,10,3,14,0,2,0.0,6,3,1,2.0,1,1.0,5.0,1,3,0,7,0,2,5.0,2,3,2,43,2,8.0,0.0,1,1,1,1.0,0.0,1,1,0.0,2.0,0,1.0,2.0,1.0,1,0,5.0,1.0,1.0,0.0,2,3,2.0,0,0,4,4.0,2,0.0,2.0,0.0,,0.0,3.0,1.0,2.0,9.0,3,0.0,2,1.0,1,1,5,6.0,1,1,1.0,0.0,0.0,1,0,5,15,0.0,2,0.0,2,4.0,0.0,0.0,8,,0,0.0,1.0,6,0.0,0,3.0,1.0,4,6,0.0,0.0,1,,1,3.0,,0.0,5.0,0.0,1.0,0.0,4.0,3.0,0.0,0.0,0.0,1.0,1.0,0.0,0.0,1.0,5.0,0.0,0.0,2.0,0.0,2.0,2.0,1.0,3.0,4.0,0.0,0.0,0.0,1.0,0.0,,20.0,3.0,6,0,0.0,2.0,0.0,1.0,0.0,4.0,2.0,2.0,0.0,0.0,0.0,,0.0,0.0,1.0,0.0,3.0,2,2.0,0.0,2.0,0.0,1.0,0.0,0.0,0.0,7.0,0.0,,3,0.0,0.0,0.0,,,3.0,0.0,2.0,,,1.0,0.0,2.0,0.0,0.0,,1.0,0.0,0.0,0.0,0.0,1.0,,0.0,0.0,0.0,0.0,2.0,2.0,0.0,0.0,,,6.0,0.0,,0,2.0,0.0,,,,0.0,1.0,0.0,1.0,1.0,0.0,0.0,,0.0,0.0,,,3.0,0.0,0.0,,0.0,0.0,0.0,5.0,0.0,,,,0.0,,,,,0.0,,,,1.0,,,0.0,,,,0.0,,,,0.0,,
New York,1136,316,1348,1216,90,188,199,369,87,735,289,294,1.0,333,400,115.0,274,18,84.0,347,208,190,282,160,375,288,244,225,95,315,176,9.0,118,45.0,263,110,159,156,81,142.0,255,61,165,363,28.0,307,329,118,140,113,398,108,122,188.0,49,195,176,114,33.0,68,142,109,90,59,79.0,60,13,154,25,59,116,40,68,60,105,89,39,47,137,44.0,129,223,37,172,281,81.0,27.0,27,35,130,74.0,6,78,87,415,100,28.0,57,123,84,110,65,82.0,13,68,37,102,40,96.0,89.0,75.0,148,106,29,4,47,45.0,196,129.0,91.0,61,62.0,97,72,53,99,74,63,62.0,190,23,54,110,59,144,160,131.0,154.0,9.0,17.0,72,21.0,7,65,50,168,42,94,4.0,123,46,60,106.0,35,43.0,45.0,159,58,43,43,25,59,110.0,29,30,19,25,69,159.0,245.0,38,29,12,23.0,56.0,67,29,25.0,33.0,77,18.0,72.0,9.0,47,29,50.0,86.0,73.0,12.0,72,34,51.0,85,90,74,97.0,42,11.0,24.0,21.0,7.0,68.0,39.0,97.0,22.0,370.0,58,13.0,159,5.0,47,25,46,41.0,15,12,156.0,43.0,28.0,27,21,30,112,6.0,103,24.0,41,21.0,26.0,12.0,23,63.0,11,94.0,10.0,334,14.0,23,12.0,17.0,8,40,0.0,7.0,42,21.0,29,38.0,205.0,10.0,45.0,180.0,51.0,68.0,1114.0,229.0,7.0,77.0,20.0,4.0,11.0,2.0,4.0,14.0,79.0,117.0,4.0,18.0,7.0,81.0,59.0,34.0,37.0,21.0,18.0,85.0,15.0,15.0,26.0,19.0,44.0,34.0,60,45,11.0,170.0,8.0,1.0,14.0,85.0,67.0,49.0,30.0,1.0,13.0,6.0,3.0,21.0,10.0,707.0,21.0,29,29.0,16.0,5.0,37.0,34.0,6.0,30.0,18.0,26.0,48.0,62.0,274,44.0,12.0,129.0,7.0,14.0,30.0,2.0,23.0,28.0,2.0,182.0,18.0,31.0,22.0,83.0,2.0,8.0,13.0,18.0,3.0,11.0,19.0,5.0,9.0,9.0,25.0,6.0,14.0,5.0,9.0,1.0,7.0,10.0,112.0,0.0,0.0,25,42.0,4.0,6.0,1.0,6.0,11.0,42.0,4.0,5.0,12.0,0.0,23.0,0.0,11.0,20.0,15.0,4.0,4.0,8.0,10.0,7.0,1.0,22.0,0.0,21.0,10.0,33.0,2.0,5.0,2.0,1.0,14.0,1.0,3.0,0.0,0.0,1.0,0.0,1.0,82.0,0.0,0.0,0.0,7.0,0.0,0.0,2.0,0.0,0.0,,0.0,
North Carolina,204,55,119,70,20,30,11,49,36,134,48,80,0.0,35,59,1.0,63,0,18.0,15,22,43,65,35,102,35,13,52,48,52,40,0.0,18,17.0,31,17,19,19,26,18.0,80,20,36,18,2.0,55,37,17,14,18,148,78,18,13.0,15,40,36,20,14.0,40,35,8,52,13,11.0,25,3,51,23,11,44,14,19,4,34,21,4,6,60,22.0,14,13,13,20,6,2.0,2.0,7,13,35,15.0,8,52,24,29,26,69.0,14,22,16,40,13,9.0,2,21,9,33,19,34.0,29.0,11.0,14,15,7,0,12,15.0,11,15.0,7.0,10,36.0,2,25,14,12,12,11,4.0,7,8,18,11,14,38,13,15.0,11.0,7.0,2.0,10,8.0,4,13,9,25,12,10,32.0,12,7,16,9.0,6,51.0,13.0,3,12,20,13,9,2,11.0,4,30,0,3,19,3.0,11.0,34,2,1,10.0,8.0,3,6,8.0,7.0,5,18.0,5.0,23.0,12,11,5.0,6.0,16.0,0.0,6,12,5.0,2,20,3,5.0,10,23.0,10.0,15.0,59.0,3.0,4.0,8.0,6.0,16.0,16,0.0,10,6.0,15,5,11,6.0,15,3,8.0,4.0,1.0,14,6,11,9,31.0,20,15.0,8,0.0,4.0,3.0,8,18.0,1,29.0,39.0,12,11.0,3,2.0,3.0,0,8,0.0,2.0,10,1.0,10,3.0,7.0,2.0,6.0,10.0,4.0,3.0,25.0,6.0,0.0,0.0,67.0,0.0,1.0,1.0,1.0,1.0,11.0,28.0,11.0,1.0,3.0,4.0,0.0,4.0,1.0,4.0,7.0,13.0,0.0,1.0,0.0,1.0,12.0,7.0,4,6,0.0,14.0,4.0,1.0,3.0,6.0,9.0,2.0,4.0,1.0,7.0,1.0,1.0,1.0,4.0,2.0,0.0,3,0.0,0.0,2.0,2.0,146.0,2.0,9.0,16.0,6.0,0.0,1.0,2,1.0,2.0,0.0,0.0,12.0,3.0,0.0,3.0,2.0,0.0,3.0,6.0,3.0,1.0,4.0,1.0,3.0,0.0,1.0,0.0,2.0,4.0,4.0,2.0,1.0,0.0,0.0,0.0,3.0,2.0,,0.0,5.0,5.0,0.0,1.0,7,1.0,1.0,,1.0,3.0,2.0,14.0,1.0,3.0,3.0,0.0,3.0,,3.0,1.0,8.0,0.0,0.0,1.0,1.0,1.0,,0.0,0.0,0.0,1.0,6.0,3.0,0.0,0.0,2.0,0.0,1.0,1.0,3.0,0.0,,1.0,1.0,0.0,0.0,,,1.0,,,,,,,,
North Dakota,3,5,2,1,2,0,3,0,0,1,1,4,,0,2,0.0,5,0,0.0,1,0,3,0,22,1,0,0,1,17,3,3,0.0,2,0.0,0,1,0,0,7,,3,1,7,1,5.0,1,0,4,4,1,1,2,3,1.0,0,1,1,2,0.0,5,5,3,1,1,0.0,1,0,4,1,0,0,18,1,1,1,1,0,17,2,5.0,2,0,1,1,0,,0.0,0,15,0,,21,0,0,4,0,,0,0,4,0,1,0.0,0,3,3,1,1,0.0,,4.0,0,0,2,0,1,0.0,0,1.0,1.0,1,,4,1,0,0,3,1,1.0,0,2,0,2,0,0,4,,0.0,,1.0,1,2.0,1,1,1,1,0,1,,1,1,2,,0,,,0,1,1,2,2,0,,0,2,2,1,2,0.0,,0,0,0,0.0,0.0,0,0,0.0,,0,,,0.0,4,0,0.0,0.0,0.0,0.0,2,0,,1,0,0,,1,0.0,,0.0,,0.0,,,,0.0,2,0.0,1,11.0,0,0,2,0.0,1,1,0.0,0.0,0.0,1,0,1,1,0.0,3,0.0,0,,,0.0,0,0.0,0,0.0,0.0,0,1.0,0,0.0,0.0,0,1,0.0,0.0,0,0.0,0,0.0,,1.0,,,0.0,,0.0,1.0,0.0,0.0,0.0,,3.0,1.0,3.0,,0.0,0.0,,,0.0,0.0,,,0.0,0.0,0.0,0.0,,,,0.0,,0.0,4,1,0.0,1.0,0.0,1.0,0.0,3.0,,,,,0.0,0.0,0.0,,,,0.0,1,,,,0.0,0.0,1.0,0.0,,,,,0,0.0,0.0,,0.0,,0.0,1.0,2.0,,,0.0,1.0,,,0.0,,,,0.0,0.0,0.0,,0.0,0.0,0.0,,,0.0,0.0,,,,0.0,0.0,,,0,0.0,2.0,,,,0.0,,0.0,,,,,,,,0.0,,1.0,2.0,0.0,,0.0,,,,,0.0,1.0,,,,1.0,,,,,,4.0,,,,,,,,,,,,,,
Ohio,422,287,755,1591,77,31,220,62,28,613,128,304,10.0,162,162,19.0,197,10,14.0,76,83,127,341,125,290,103,139,233,144,176,275,19.0,57,39.0,178,82,97,67,76,21.0,451,46,112,130,26.0,227,234,106,70,174,201,82,177,157.0,117,144,69,139,135.0,36,139,123,69,75,17.0,38,6,140,32,19,85,38,194,33,204,104,13,60,54,123.0,130,78,63,59,38,13.0,43.0,29,44,109,43.0,19,63,66,219,106,23.0,42,21,37,36,55,57.0,7,47,67,60,32,111.0,59.0,76.0,155,67,40,0,74,47.0,91,25.0,93.0,74,54.0,19,31,40,104,57,35,37.0,32,29,140,34,36,18,50,76.0,19.0,6.0,12.0,52,29.0,19,24,110,132,32,32,1.0,44,18,44,107.0,36,19.0,44.0,47,81,49,21,16,25,49.0,15,58,23,26,44,124.0,118.0,31,12,13,9.0,59.0,85,4,33.0,3.0,17,62.0,9.0,12.0,38,32,10.0,31.0,89.0,10.0,20,53,22.0,35,8,14,11.0,22,6.0,47.0,11.0,17.0,146.0,18.0,11.0,50.0,36.0,24,1.0,56,4.0,23,28,43,6.0,59,9,181.0,80.0,11.0,24,24,32,190,4.0,53,39.0,12,36.0,170.0,9.0,13,44.0,4,79.0,3.0,11,64.0,7,7.0,28.0,28,67,0.0,5.0,148,6.0,5,21.0,38.0,17.0,6.0,16.0,14.0,28.0,100.0,51.0,2.0,7.0,0.0,2.0,65.0,11.0,4.0,11.0,18.0,27.0,4.0,8.0,23.0,3.0,8.0,14.0,3.0,33.0,32.0,6.0,0.0,1.0,1.0,39.0,11.0,41.0,72,42,1.0,335.0,4.0,0.0,18.0,32.0,55.0,25.0,1.0,7.0,10.0,7.0,3.0,3.0,8.0,5.0,7.0,26,3.0,0.0,0.0,4.0,8.0,16.0,22.0,62.0,26.0,14.0,2.0,9,18.0,35.0,139.0,0.0,1.0,29.0,11.0,7.0,14.0,1.0,23.0,18.0,37.0,4.0,256.0,10.0,4.0,2.0,2.0,4.0,23.0,11.0,15.0,17.0,0.0,18.0,10.0,14.0,6.0,4.0,4.0,11.0,23.0,22.0,0.0,0.0,71,19.0,0.0,6.0,12.0,3.0,0.0,3.0,6.0,6.0,13.0,2.0,4.0,0.0,1.0,5.0,6.0,5.0,9.0,12.0,1.0,22.0,0.0,18.0,0.0,4.0,0.0,23.0,8.0,3.0,8.0,0.0,0.0,1.0,0.0,1.0,1.0,10.0,1.0,1.0,46.0,0.0,1.0,,9.0,1.0,0.0,0.0,,0.0,,,0.0
Oklahoma,21,171,196,365,6,18,20,61,4,40,36,85,0.0,26,22,6.0,75,6,5.0,9,12,29,54,49,43,13,155,25,56,30,160,4.0,28,2.0,8,13,0,84,45,2.0,29,38,31,43,1.0,17,33,29,12,8,18,79,20,24.0,29,8,15,29,0.0,21,29,12,9,60,2.0,11,0,24,7,0,10,11,16,1,13,36,2,6,10,11.0,60,52,48,19,6,1.0,24.0,9,15,11,0.0,15,9,12,19,19,1.0,10,5,17,1,32,8.0,1,20,11,20,15,3.0,2.0,12.0,14,10,21,1,15,22.0,20,8.0,5.0,15,4.0,3,46,16,48,10,4,40.0,21,2,8,9,5,18,4,2.0,4.0,2.0,6.0,9,1.0,71,12,27,24,11,12,2.0,3,3,13,5.0,49,1.0,3.0,10,30,17,7,3,3,3.0,1,8,8,519,7,1.0,1.0,2,14,5,2.0,7.0,9,1,1.0,0.0,4,2.0,0.0,0.0,20,2,117.0,1.0,7.0,0.0,5,18,7.0,7,37,2,3.0,3,1.0,4.0,2.0,0.0,7.0,5.0,2.0,,5.0,14,0.0,46,7.0,6,1,8,0.0,7,10,262.0,161.0,2.0,1,4,3,4,1.0,8,0.0,1,3.0,4.0,5.0,7,2.0,2,3.0,0.0,1,0.0,0,0.0,3.0,22,5,,2.0,8,4.0,2,14.0,4.0,5.0,2.0,2.0,2.0,1.0,1.0,0.0,0.0,4.0,0.0,2.0,7.0,9.0,3.0,0.0,9.0,3.0,2.0,0.0,1.0,3.0,10.0,2.0,0.0,6.0,3.0,0.0,,0.0,1.0,3.0,1.0,5.0,53,4,0.0,7.0,4.0,,1.0,210.0,1.0,1.0,0.0,1.0,0.0,3.0,0.0,0.0,1.0,0.0,2.0,2,,0.0,2.0,1.0,0.0,1.0,4.0,0.0,0.0,3.0,0.0,4,5.0,1.0,25.0,,,0.0,1.0,11.0,3.0,2.0,9.0,13.0,1.0,0.0,11.0,,0.0,6.0,0.0,8.0,40.0,0.0,3.0,1.0,2.0,1.0,,13.0,3.0,0.0,0.0,0.0,1.0,3.0,0.0,0.0,2,0.0,0.0,0.0,,,2.0,0.0,0.0,2.0,0.0,2.0,0.0,,,1.0,1.0,1.0,1.0,137.0,2.0,0.0,0.0,4.0,,2.0,1.0,,3.0,1.0,1.0,0.0,,,,0.0,,,0.0,0.0,0.0,,,0.0,,0.0,10.0,,,,,,
Oregon,27,26,14,9,10,12,14,16,14,33,45,48,0.0,32,49,0.0,42,4,10.0,32,22,33,7,62,35,37,11,16,98,92,28,1.0,26,11.0,24,21,56,5,38,79.0,13,31,17,10,0.0,18,14,25,20,12,28,8,8,3.0,6,8,25,10,8.0,18,37,16,10,18,1.0,11,1,50,65,7,26,8,10,9,12,9,1,20,22,34.0,5,11,30,1,63,17.0,1.0,9,16,15,5.0,10,13,9,21,67,1.0,9,10,21,13,14,9.0,2,28,34,37,11,10.0,7.0,13.0,10,15,22,0,4,6.0,14,93.0,1.0,9,1.0,5,5,9,11,15,9,7.0,33,3,10,12,21,2,21,5.0,42.0,1.0,4.0,8,16.0,8,22,5,6,6,8,0.0,10,2,9,6.0,6,2.0,0.0,11,11,16,24,5,7,9.0,2,6,28,4,20,27.0,42.0,4,24,5,4.0,2.0,5,8,7.0,0.0,7,3.0,31.0,3.0,8,3,4.0,0.0,1.0,1.0,36,7,23.0,7,4,16,28.0,2,2.0,8.0,2.0,1.0,3.0,2.0,32.0,2.0,42.0,2,4.0,2,7.0,4,6,15,61.0,8,1,1.0,0.0,2.0,13,4,10,0,0.0,16,4.0,6,0.0,6.0,3.0,4,5.0,3,5.0,0.0,19,1.0,4,5.0,1.0,1,7,0.0,0.0,7,2.0,5,3.0,5.0,4.0,18.0,9.0,11.0,3.0,6.0,3.0,1.0,7.0,1.0,2.0,4.0,1.0,3.0,0.0,32.0,2.0,2.0,2.0,1.0,18.0,8.0,15.0,0.0,9.0,4.0,14.0,2.0,2.0,1.0,1.0,1.0,1.0,2,5,2.0,3.0,2.0,0.0,0.0,0.0,12.0,17.0,0.0,0.0,3.0,2.0,1.0,4.0,0.0,0.0,17.0,0,0.0,2.0,1.0,0.0,3.0,5.0,0.0,4.0,6.0,8.0,2.0,7,4.0,0.0,0.0,0.0,0.0,0.0,1.0,4.0,1.0,2.0,9.0,2.0,3.0,0.0,0.0,,4.0,1.0,0.0,0.0,2.0,4.0,4.0,0.0,0.0,2.0,0.0,0.0,1.0,0.0,1.0,3.0,11.0,7.0,,,2,2.0,1.0,1.0,1.0,0.0,2.0,8.0,0.0,28.0,1.0,1.0,2.0,,0.0,2.0,7.0,5.0,0.0,0.0,2.0,0.0,,,0.0,0.0,0.0,3.0,0.0,0.0,2.0,0.0,0.0,2.0,0.0,,,0.0,3.0,,0.0,0.0,,,,,,0.0,,0.0,,,
Pennsylvania,1005,437,1043,1248,43,45,102,126,28,582,131,261,23.0,154,204,30.0,313,41,40.0,61,70,129,171,93,511,227,367,232,157,201,201,2.0,76,92.0,146,54,96,127,76,28.0,211,70,79,209,49.0,164,325,92,73,62,843,53,109,184.0,77,112,74,106,115.0,54,94,62,51,81,77.0,41,5,69,26,25,122,152,200,34,91,103,14,34,34,129.0,69,137,68,82,108,34.0,85.0,55,47,139,46.0,12,148,43,95,76,49.0,43,15,30,151,73,75.0,3,82,100,51,26,67.0,207.0,46.0,149,52,23,0,49,55.0,161,63.0,15.0,56,73.0,22,103,41,130,74,56,64.0,88,28,35,29,13,43,39,54.0,31.0,54.0,23.0,38,55.0,36,29,94,168,37,42,10.0,48,39,23,203.0,27,15.0,44.0,34,69,39,32,21,18,86.0,19,25,9,44,34,174.0,17.0,32,16,6,28.0,44.0,60,3,76.0,23.0,19,143.0,45.0,22.0,93,32,29.0,23.0,33.0,11.0,34,36,62.0,17,29,21,28.0,34,5.0,21.0,30.0,13.0,68.0,37.0,35.0,43.0,95.0,29,4.0,96,0.0,26,23,57,31.0,111,5,210.0,154.0,33.0,21,18,38,160,2.0,21,19.0,10,35.0,9.0,10.0,14,28.0,6,47.0,5.0,92,107.0,9,7.0,7.0,58,47,0.0,9.0,13,19.0,14,22.0,44.0,9.0,24.0,15.0,13.0,86.0,154.0,94.0,0.0,31.0,6.0,2.0,19.0,1.0,4.0,6.0,31.0,32.0,11.0,40.0,16.0,38.0,15.0,18.0,24.0,38.0,27.0,13.0,1.0,5.0,33.0,43.0,473.0,8.0,90,6,2.0,267.0,25.0,0.0,14.0,159.0,10.0,1.0,9.0,12.0,38.0,5.0,1.0,4.0,9.0,8.0,11.0,13,7.0,5.0,9.0,6.0,12.0,18.0,20.0,33.0,27.0,6.0,3.0,30,14.0,19.0,60.0,1.0,1.0,8.0,7.0,37.0,10.0,5.0,16.0,23.0,48.0,2.0,44.0,11.0,9.0,3.0,6.0,18.0,34.0,13.0,15.0,16.0,5.0,41.0,3.0,14.0,2.0,6.0,2.0,4.0,37.0,34.0,0.0,0.0,35,14.0,1.0,9.0,4.0,10.0,13.0,16.0,0.0,8.0,4.0,1.0,84.0,0.0,5.0,1.0,21.0,3.0,1.0,21.0,5.0,13.0,0.0,17.0,0.0,5.0,0.0,16.0,12.0,0.0,2.0,1.0,7.0,2.0,2.0,0.0,3.0,4.0,32.0,0.0,3.0,1.0,0.0,0.0,0.0,0.0,2.0,2.0,,0.0,0.0,,0.0
Rhode Island,16,26,19,22,0,2,2,15,5,11,13,3,0.0,2,11,2.0,17,0,0.0,6,3,9,7,7,19,12,0,5,5,8,8,0.0,7,2.0,25,11,3,1,4,2.0,6,5,4,0,3.0,24,8,19,7,2,27,7,12,12.0,2,4,11,9,0.0,14,3,9,4,4,0.0,1,0,15,2,0,4,0,4,0,5,9,2,0,3,2.0,3,3,2,5,1,1.0,1.0,1,0,3,0.0,0,11,1,5,3,7.0,5,3,26,1,0,4.0,1,6,4,6,0,1.0,0.0,0.0,7,8,0,0,2,15.0,5,1.0,1.0,1,4.0,2,0,2,4,3,1,2.0,2,0,2,1,2,0,3,3.0,0.0,0.0,,1,0.0,0,10,12,1,1,25,0.0,1,4,0,2.0,1,2.0,2.0,9,6,2,0,0,13,3.0,1,1,0,0,1,1.0,3.0,5,1,1,0.0,0.0,0,5,0.0,4.0,1,3.0,1.0,1.0,3,3,20.0,1.0,9.0,1.0,1,2,1.0,2,0,5,2.0,1,0.0,0.0,1.0,8.0,4.0,2.0,0.0,0.0,2.0,0,2.0,0,0.0,1,1,2,1.0,1,2,1.0,0.0,,1,2,3,2,0.0,11,3.0,2,2.0,0.0,0.0,4,2.0,0,5.0,19.0,1,1.0,1,0.0,1.0,0,0,0.0,0.0,1,1.0,0,0.0,2.0,0.0,1.0,1.0,1.0,0.0,23.0,0.0,0.0,0.0,0.0,,1.0,,0.0,0.0,2.0,4.0,0.0,10.0,1.0,1.0,1.0,0.0,0.0,4.0,2.0,3.0,0.0,0.0,,1.0,0.0,1.0,4,0,0.0,1.0,0.0,,1.0,,7.0,1.0,4.0,0.0,0.0,,,1.0,0.0,0.0,12.0,3,0.0,0.0,,20.0,0.0,,1.0,12.0,3.0,1.0,0.0,1,4.0,0.0,0.0,0.0,5.0,1.0,0.0,,2.0,0.0,0.0,0.0,0.0,0.0,2.0,0.0,,0.0,6.0,,,1.0,1.0,0.0,0.0,,0.0,0.0,0.0,1.0,0.0,0.0,1.0,1.0,0.0,,0,2.0,,,,0.0,0.0,0.0,0.0,0.0,1.0,0.0,,,0.0,0.0,1.0,,0.0,,3.0,,,,0.0,0.0,,0.0,1.0,,,,,,0.0,,,1.0,,,0.0,,,,0.0,,,,0.0,,,,
South Carolina,22,30,68,79,2,3,6,6,0,190,10,22,,8,12,0.0,25,2,1.0,2,5,22,42,29,34,47,11,42,20,16,17,0.0,8,8.0,36,18,1,11,18,0.0,66,4,14,19,1.0,43,34,20,9,16,20,59,15,5.0,6,10,15,17,6.0,9,40,11,7,6,21.0,12,0,24,9,0,24,11,11,7,9,4,1,3,25,17.0,9,8,12,8,4,0.0,4.0,0,4,8,15.0,2,15,9,16,18,89.0,2,2,18,1,7,7.0,1,13,4,27,3,54.0,7.0,9.0,7,7,5,0,5,10.0,10,2.0,3.0,8,54.0,5,6,1,30,10,5,3.0,7,1,6,3,1,6,8,11.0,4.0,14.0,1.0,2,3.0,5,10,1,9,9,2,30.0,7,8,14,1.0,1,28.0,1.0,2,17,19,3,2,6,3.0,4,7,10,2,5,0.0,1.0,6,6,2,0.0,0.0,2,0,0.0,0.0,3,3.0,3.0,5.0,4,12,1.0,8.0,10.0,7.0,2,7,1.0,1,1,3,1.0,5,12.0,6.0,1.0,44.0,2.0,0.0,2.0,0.0,0.0,0,0.0,0,5.0,2,4,4,0.0,2,2,1.0,2.0,2.0,1,3,3,0,42.0,7,1.0,2,1.0,3.0,1.0,3,12.0,0,6.0,69.0,5,5.0,0,1.0,0.0,0,3,0.0,0.0,2,2.0,0,7.0,5.0,0.0,1.0,0.0,1.0,0.0,0.0,6.0,0.0,0.0,11.0,2.0,3.0,0.0,0.0,3.0,0.0,0.0,3.0,1.0,4.0,0.0,0.0,2.0,0.0,11.0,2.0,2.0,1.0,0.0,0.0,2.0,40.0,0.0,0,3,0.0,9.0,2.0,1.0,1.0,9.0,0.0,1.0,1.0,2.0,3.0,0.0,0.0,1.0,2.0,0.0,1.0,2,0.0,0.0,,4.0,4.0,5.0,5.0,0.0,2.0,0.0,0.0,2,2.0,5.0,0.0,0.0,21.0,1.0,1.0,1.0,1.0,1.0,0.0,1.0,1.0,0.0,5.0,2.0,2.0,0.0,1.0,0.0,2.0,1.0,,4.0,,0.0,0.0,4.0,0.0,0.0,1.0,,0.0,0.0,0.0,,8,1.0,0.0,0.0,0.0,1.0,0.0,0.0,0.0,5.0,0.0,0.0,2.0,,,0.0,2.0,0.0,0.0,2.0,0.0,1.0,,0.0,0.0,2.0,0.0,1.0,0.0,0.0,1.0,2.0,,,,,1.0,1.0,0.0,,0.0,,0.0,1.0,,,,,,,,,
South Dakota,2,4,2,0,2,1,0,2,0,0,2,10,2.0,0,4,0.0,5,1,0.0,0,0,2,1,14,4,1,10,3,17,9,3,0.0,1,0.0,5,0,0,1,9,1.0,2,1,3,1,,2,0,3,0,3,0,0,2,,0,2,2,1,,11,4,0,1,1,0.0,4,0,5,2,0,4,1,4,1,1,1,0,1,1,1.0,0,3,1,0,3,,0.0,1,1,0,0.0,3,0,1,6,0,1.0,0,0,0,0,3,,0,1,0,0,2,0.0,2.0,0.0,1,0,1,0,0,0.0,1,,1.0,2,,5,0,0,0,1,0,1.0,1,0,0,2,0,1,1,1.0,0.0,1.0,0.0,3,,0,2,0,2,1,0,,1,2,4,0.0,1,,0.0,1,1,1,2,0,0,0.0,1,6,5,1,0,,,0,0,1,,,4,0,3.0,,0,0.0,0.0,1.0,0,2,0.0,0.0,0.0,0.0,0,0,,0,0,1,,3,,1.0,0.0,0.0,0.0,1.0,0.0,,,2,0.0,1,1.0,2,0,0,,0,1,0.0,,,1,0,1,1,,0,0.0,0,0.0,0.0,1.0,0,1.0,0,0.0,0.0,0,2.0,0,0.0,0.0,2,1,,,0,0.0,0,0.0,,0.0,1.0,,,,0.0,1.0,0.0,0.0,,0.0,0.0,0.0,1.0,0.0,0.0,,,0.0,0.0,,0.0,,,0.0,0.0,0.0,0.0,0.0,0.0,0.0,0.0,,4,0,0.0,,0.0,,1.0,0.0,0.0,,0.0,0.0,,2.0,0.0,0.0,,,0.0,0,,0.0,,1.0,0.0,1.0,,,,,0.0,0,,0.0,0.0,,,,0.0,,0.0,,1.0,0.0,,,0.0,,,,,,1.0,1.0,0.0,0.0,,0.0,,,0.0,0.0,0.0,,0.0,,,,0,0.0,0.0,,,0.0,1.0,,,1.0,1.0,,,,1.0,,,,0.0,,,,,0.0,,0.0,,,,,,,,,,,,,1.0,,,,,,,,,,,,,,
Tennessee,96,64,220,278,5,14,8,25,2,88,23,42,1.0,59,44,2.0,46,7,1.0,14,14,50,46,33,52,15,77,51,42,15,49,0.0,13,1.0,24,20,17,9,24,2.0,32,3,27,37,6.0,31,28,24,27,18,16,16,18,56.0,10,20,29,20,6.0,13,33,12,11,3,7.0,11,1,46,15,6,15,11,21,1,18,6,3,6,13,7.0,15,25,12,13,40,3.0,20.0,2,16,8,13.0,3,14,19,13,18,15.0,10,4,10,0,9,9.0,0,10,9,23,9,4.0,18.0,13.0,60,17,4,1,14,4.0,14,9.0,3.0,13,9.0,17,7,3,15,15,7,9.0,15,2,5,8,2,8,9,9.0,2.0,4.0,3.0,13,5.0,5,6,5,22,2,11,11.0,21,10,6,8.0,3,83.0,9.0,8,16,12,8,5,6,4.0,4,10,3,3,2,5.0,1.0,6,1,3,0.0,5.0,4,1,0.0,4.0,13,3.0,6.0,5.0,19,11,1.0,1.0,2.0,0.0,12,3,3.0,3,4,6,0.0,2,1.0,3.0,1.0,5.0,12.0,0.0,3.0,5.0,5.0,14,1.0,8,1.0,24,5,12,3.0,7,2,9.0,5.0,8.0,1,5,5,6,7.0,7,6.0,6,2.0,4.0,2.0,3,2.0,0,3.0,2.0,2,4.0,0,0.0,6.0,8,4,0.0,1.0,4,4.0,2,1.0,0.0,4.0,4.0,0.0,6.0,16.0,6.0,18.0,2.0,5.0,7.0,1.0,1.0,10.0,0.0,1.0,6.0,11.0,1.0,3.0,4.0,4.0,1.0,2.0,1.0,13.0,3.0,0.0,0.0,0.0,2.0,1.0,17.0,1.0,9,2,0.0,10.0,2.0,,1.0,9.0,2.0,1.0,1.0,0.0,1.0,1.0,0.0,2.0,0.0,4.0,2.0,2,0.0,1.0,1.0,3.0,4.0,1.0,3.0,3.0,4.0,1.0,,8,6.0,5.0,6.0,1.0,0.0,0.0,1.0,4.0,5.0,0.0,2.0,3.0,4.0,0.0,7.0,1.0,0.0,0.0,1.0,5.0,4.0,2.0,3.0,3.0,0.0,0.0,0.0,0.0,6.0,0.0,0.0,7.0,9.0,3.0,,,1,3.0,0.0,0.0,,0.0,1.0,0.0,1.0,1.0,2.0,0.0,0.0,,,2.0,3.0,8.0,4.0,1.0,1.0,1.0,,1.0,0.0,1.0,0.0,6.0,1.0,1.0,0.0,0.0,0.0,0.0,1.0,0.0,,0.0,3.0,1.0,1.0,,,0.0,0.0,,,,,,,,
Texas,274,631,755,1148,87,118,102,97,93,218,208,225,6.0,325,170,42.0,272,71,72.0,60,67,82,169,91,223,126,243,99,142,325,425,9.0,78,5.0,159,87,50,128,136,118.0,140,103,108,277,34.0,88,109,112,80,66,153,37,78,152.0,360,81,75,75,16.0,67,66,41,30,334,36.0,41,17,72,20,82,40,39,48,38,64,56,22,46,64,45.0,160,76,53,52,65,15.0,27.0,49,45,57,12.0,35,40,59,109,33,10.0,35,45,97,45,68,54.0,19,65,31,42,25,48.0,28.0,50.0,131,28,60,4,29,155.0,51,197.0,26.0,49,34.0,60,72,29,67,110,20,57.0,43,33,34,49,94,67,48,20.0,102.0,12.0,4.0,56,24.0,574,70,229,102,41,21,2.0,37,15,55,37.0,128,29.0,35.0,19,47,40,54,10,13,47.0,14,32,31,1714,24,10.0,71.0,40,17,14,12.0,25.0,23,84,8.0,18.0,20,19.0,41.0,15.0,28,15,472.0,13.0,49.0,13.0,24,67,45.0,37,26,23,95.0,13,5.0,18.0,4.0,4.0,28.0,17.0,334.0,4.0,403.0,24,9.0,51,11.0,15,18,36,91.0,34,18,252.0,167.0,14.0,19,34,30,19,18.0,42,18.0,12,22.0,4.0,8.0,35,15.0,21,42.0,0.0,218,11.0,33,8.0,5.0,48,39,2.0,4.0,16,13.0,14,58.0,46.0,8.0,63.0,35.0,20.0,9.0,20.0,15.0,5.0,76.0,2.0,6.0,29.0,5.0,8.0,8.0,71.0,63.0,11.0,9.0,48.0,115.0,6.0,46.0,22.0,23.0,18.0,85.0,3.0,9.0,1.0,8.0,22.0,10.0,45,9,4.0,11.0,8.0,1.0,9.0,263.0,6.0,11.0,68.0,2.0,6.0,8.0,0.0,4.0,5.0,3.0,10.0,13,4.0,15.0,1.0,2.0,12.0,7.0,5.0,5.0,15.0,13.0,7.0,19,7.0,17.0,55.0,0.0,0.0,3.0,2.0,17.0,10.0,0.0,8.0,36.0,8.0,2.0,26.0,0.0,3.0,3.0,4.0,0.0,52.0,1.0,0.0,5.0,11.0,2.0,3.0,16.0,5.0,2.0,3.0,5.0,6.0,25.0,0.0,,18,8.0,1.0,4.0,1.0,0.0,8.0,80.0,1.0,20.0,4.0,1.0,1.0,0.0,8.0,6.0,2.0,2.0,2.0,174.0,3.0,3.0,,27.0,0.0,0.0,0.0,1.0,3.0,2.0,3.0,0.0,2.0,0.0,0.0,2.0,0.0,0.0,0.0,23.0,0.0,,0.0,0.0,1.0,1.0,7.0,,,,,,
Utah,36,47,37,23,10,4,20,13,5,21,6,33,47.0,11,59,15.0,49,37,24.0,7,11,18,13,37,28,6,31,7,11,17,18,6.0,26,1.0,75,21,13,19,5,17.0,28,2,14,18,9.0,20,7,15,26,16,6,9,9,20.0,10,6,17,9,1.0,15,4,2,9,22,6.0,6,2,17,4,1,1,8,0,13,9,2,2,6,10,6.0,5,5,22,12,7,15.0,1.0,22,3,8,0.0,1,3,10,20,1,4.0,2,1,5,2,12,0.0,3,7,16,8,8,0.0,20.0,1.0,14,7,1,1,11,10.0,14,13.0,14.0,3,1.0,23,3,1,3,14,5,6.0,7,1,2,9,5,18,2,0.0,7.0,3.0,1.0,5,4.0,62,17,5,3,7,5,,5,6,5,5.0,3,1.0,5.0,5,2,2,11,3,10,5.0,0,7,10,18,9,2.0,1.0,2,18,5,3.0,2.0,3,0,1.0,0.0,8,7.0,3.0,2.0,12,4,7.0,3.0,1.0,3.0,13,1,1.0,2,33,3,6.0,6,2.0,3.0,1.0,0.0,4.0,1.0,3.0,1.0,6.0,6,1.0,3,1.0,1,3,6,3.0,1,2,1.0,1.0,0.0,2,0,3,5,0.0,6,0.0,4,0.0,0.0,1.0,1,1.0,2,1.0,1.0,7,0.0,2,1.0,0.0,7,3,1.0,3.0,1,1.0,2,7.0,1.0,1.0,5.0,1.0,3.0,3.0,3.0,6.0,0.0,2.0,0.0,2.0,1.0,1.0,0.0,1.0,7.0,0.0,1.0,2.0,2.0,14.0,1.0,3.0,3.0,5.0,0.0,3.0,2.0,1.0,0.0,0.0,2.0,1.0,2,3,0.0,1.0,0.0,0.0,1.0,17.0,2.0,0.0,2.0,0.0,1.0,1.0,3.0,1.0,0.0,0.0,1.0,2,0.0,0.0,1.0,2.0,3.0,1.0,0.0,0.0,2.0,0.0,1.0,4,3.0,2.0,0.0,0.0,,4.0,0.0,7.0,1.0,0.0,3.0,2.0,1.0,0.0,3.0,1.0,3.0,0.0,1.0,0.0,3.0,0.0,0.0,1.0,1.0,1.0,0.0,1.0,1.0,1.0,1.0,1.0,2.0,2.0,0.0,,4,4.0,1.0,,,,3.0,1.0,1.0,3.0,2.0,0.0,,,1.0,3.0,2.0,,,0.0,0.0,0.0,,0.0,0.0,0.0,0.0,,0.0,,0.0,0.0,1.0,0.0,,,,,0.0,0.0,0.0,,,1.0,2.0,0.0,0.0,,,,,,
Vermont,11,19,9,5,1,1,2,6,1,14,6,5,0.0,11,7,6.0,1,11,3.0,4,11,3,2,7,5,21,0,12,5,18,3,0.0,8,1.0,3,2,3,0,2,1.0,5,5,0,0,51.0,12,7,6,2,8,4,3,6,1.0,1,4,0,7,22.0,4,3,5,3,2,0.0,0,0,32,2,1,4,2,0,2,0,3,1,0,1,1.0,1,0,0,2,0,0.0,1.0,0,0,3,3.0,0,1,1,0,1,1.0,1,1,0,1,2,5.0,0,4,1,2,3,2.0,0.0,1.0,1,1,4,0,0,0.0,0,23.0,0.0,2,3.0,0,0,0,0,1,0,0.0,0,1,0,2,0,0,0,1.0,6.0,,,1,2.0,1,4,0,1,2,3,3.0,4,2,0,0.0,1,1.0,2.0,6,16,1,1,1,6,1.0,1,1,0,0,1,2.0,11.0,0,0,0,1.0,0.0,1,0,0.0,0.0,0,0.0,0.0,,2,1,2.0,0.0,1.0,0.0,5,0,2.0,0,2,2,3.0,0,0.0,2.0,0.0,,1.0,1.0,47.0,,64.0,0,0.0,1,,2,2,0,3.0,1,0,,,,0,0,3,1,,1,0.0,2,0.0,2.0,0.0,0,1.0,0,0.0,0.0,26,1.0,0,0.0,,0,2,0.0,0.0,1,1.0,0,,1.0,,1.0,1.0,1.0,0.0,10.0,0.0,0.0,,,1.0,2.0,0.0,,,1.0,,0.0,1.0,0.0,13.0,0.0,1.0,0.0,1.0,4.0,1.0,5.0,0.0,0.0,0.0,0.0,5.0,2,0,0.0,0.0,0.0,,1.0,,1.0,0.0,1.0,0.0,0.0,0.0,,0.0,0.0,1.0,0.0,0,0.0,0.0,0.0,,0.0,,0.0,2.0,0.0,,,2,0.0,0.0,,,0.0,0.0,1.0,0.0,0.0,0.0,0.0,1.0,0.0,1.0,1.0,1.0,5.0,0.0,1.0,,,0.0,0.0,2.0,,0.0,0.0,,0.0,,,0.0,0.0,10.0,,,0,0.0,0.0,1.0,2.0,0.0,0.0,1.0,,1.0,,0.0,,,0.0,1.0,,,,,2.0,,,,,1.0,0.0,2.0,0.0,,,5.0,4.0,,,,,0.0,0.0,,,,,,,,,,,,,,
Virginia,125,134,116,125,73,26,29,41,27,100,59,73,7.0,89,72,32.0,71,22,29.0,57,68,33,56,37,62,44,18,47,25,82,46,10.0,23,6.0,54,27,28,14,19,13.0,53,16,31,67,25.0,52,47,41,33,14,61,29,23,17.0,10,30,28,43,6.0,24,35,18,16,25,8.0,13,2,49,13,58,10,16,23,20,28,25,7,15,14,39.0,11,22,18,47,33,43.0,9.0,3,11,90,24.0,8,21,16,23,22,14.0,8,10,33,69,9,11.0,1,16,8,27,5,22.0,5.0,12.0,15,14,5,2,13,3.0,29,19.0,13.0,15,21.0,6,6,13,11,11,12,10.0,16,14,6,27,13,16,28,15.0,22.0,4.0,5.0,10,5.0,9,19,13,14,17,15,5.0,16,10,13,19.0,7,14.0,11.0,19,9,10,13,8,6,15.0,3,12,15,6,10,14.0,7.0,5,7,5,15.0,11.0,4,3,6.0,10.0,14,2.0,18.0,11.0,7,10,11.0,5.0,3.0,4.0,7,3,13.0,13,6,5,22.0,7,6.0,3.0,2.0,10.0,5.0,9.0,11.0,0.0,47.0,7,0.0,11,0.0,7,2,16,12.0,7,6,8.0,3.0,2.0,8,5,9,1,2.0,19,6.0,11,5.0,6.0,8.0,4,11.0,4,10.0,5.0,21,7.0,3,4.0,4.0,8,11,0.0,6.0,1,10.0,2,3.0,5.0,4.0,20.0,9.0,8.0,7.0,13.0,6.0,0.0,1.0,0.0,3.0,3.0,0.0,0.0,2.0,15.0,20.0,4.0,6.0,1.0,6.0,0.0,9.0,13.0,6.0,5.0,0.0,0.0,9.0,0.0,1.0,50.0,3.0,11,5,1.0,15.0,6.0,2.0,3.0,0.0,8.0,3.0,8.0,0.0,3.0,3.0,2.0,4.0,5.0,0.0,5.0,3,1.0,1.0,0.0,0.0,178.0,1.0,2.0,0.0,5.0,5.0,1.0,10,4.0,1.0,3.0,0.0,0.0,2.0,2.0,7.0,1.0,2.0,7.0,3.0,2.0,3.0,2.0,6.0,0.0,1.0,0.0,0.0,4.0,4.0,5.0,0.0,9.0,5.0,0.0,1.0,1.0,1.0,2.0,2.0,0.0,8.0,0.0,,1,3.0,5.0,0.0,1.0,1.0,1.0,6.0,0.0,0.0,2.0,0.0,1.0,,1.0,2.0,0.0,0.0,1.0,,0.0,1.0,0.0,0.0,0.0,0.0,0.0,1.0,0.0,1.0,1.0,0.0,1.0,1.0,1.0,,0.0,1.0,0.0,0.0,0.0,,0.0,,0.0,,0.0,,,,,,
Washington,71,177,34,28,281,22,67,76,6,98,72,93,8.0,77,99,34.0,58,15,16.0,35,39,66,32,102,58,53,16,32,70,96,63,5.0,49,2.0,54,41,16,29,78,15.0,93,56,44,30,18.0,47,23,62,29,54,40,17,21,18.0,25,42,18,42,7.0,32,25,34,21,42,27.0,22,2,42,50,9,12,17,39,26,16,28,0,23,19,34.0,22,24,29,4,19,23.0,3.0,17,29,21,62.0,13,10,23,35,35,2.0,12,8,56,25,15,11.0,0,38,31,24,21,24.0,19.0,13.0,29,20,24,0,9,10.0,13,16.0,7.0,34,8.0,8,8,7,5,23,11,10.0,37,63,14,19,5,18,19,14.0,19.0,8.0,11.0,13,11.0,24,23,15,13,5,21,0.0,36,12,12,12.0,21,1.0,10.0,15,46,17,13,15,7,10.0,7,5,6,5,12,3.0,10.0,2,12,2,10.0,12.0,7,5,8.0,1.0,4,3.0,11.0,10.0,23,7,15.0,9.0,8.0,2.0,29,7,7.0,11,16,10,12.0,12,1.0,8.0,6.0,0.0,1.0,8.0,5.0,1.0,4.0,6,0.0,2,7.0,2,3,16,19.0,4,13,4.0,3.0,11.0,6,15,14,2,1.0,13,2.0,7,14.0,5.0,3.0,26,11.0,4,17.0,0.0,9,4.0,5,4.0,4.0,18,14,0.0,1.0,4,1.0,4,7.0,20.0,1.0,19.0,2.0,6.0,15.0,2.0,2.0,1.0,13.0,2.0,1.0,16.0,0.0,0.0,0.0,25.0,12.0,2.0,7.0,9.0,4.0,5.0,5.0,3.0,22.0,13.0,2.0,1.0,2.0,0.0,6.0,57.0,2.0,6,8,3.0,12.0,2.0,2.0,7.0,7.0,7.0,0.0,0.0,2.0,4.0,2.0,3.0,5.0,0.0,1.0,28.0,9,2.0,1.0,0.0,0.0,0.0,7.0,8.0,7.0,7.0,3.0,1.0,9,6.0,3.0,5.0,0.0,0.0,1.0,8.0,3.0,4.0,0.0,7.0,11.0,0.0,4.0,5.0,2.0,2.0,5.0,2.0,1.0,4.0,4.0,1.0,5.0,8.0,0.0,0.0,0.0,2.0,2.0,2.0,1.0,4.0,4.0,0.0,,16,4.0,0.0,0.0,2.0,0.0,1.0,8.0,3.0,7.0,2.0,1.0,2.0,,3.0,0.0,4.0,0.0,2.0,3.0,0.0,1.0,0.0,1.0,0.0,0.0,0.0,0.0,2.0,0.0,1.0,0.0,1.0,0.0,0.0,,0.0,1.0,2.0,,2.0,,0.0,,0.0,,,,,0.0,,,
West Virginia,35,9,216,227,2,2,1,0,1,23,7,13,0.0,4,5,1.0,18,2,0.0,4,2,5,12,5,10,5,15,7,8,5,11,,2,0.0,12,6,1,4,6,0.0,3,1,19,4,0.0,5,13,4,4,2,6,1,6,4.0,4,6,10,15,1.0,3,1,3,0,8,0.0,7,0,4,0,0,14,3,11,2,4,0,0,4,3,15.0,5,0,6,1,0,0.0,2.0,0,3,0,0.0,0,4,1,1,1,3.0,1,0,7,3,2,7.0,0,4,1,2,5,1.0,3.0,2.0,3,2,7,0,3,1.0,1,0.0,1.0,0,1.0,4,8,3,1,2,1,5.0,2,1,0,1,0,2,1,0.0,0.0,1.0,0.0,0,1.0,7,4,2,9,3,0,0.0,4,0,3,15.0,0,0.0,2.0,3,1,0,2,0,0,,0,0,1,11,0,2.0,0.0,1,5,1,,1.0,0,0,1.0,3.0,2,4.0,0.0,0.0,2,6,2.0,1.0,0.0,0.0,3,2,1.0,0,1,0,1.0,1,1.0,1.0,1.0,0.0,2.0,3.0,1.0,2.0,,2,0.0,4,0.0,0,2,1,0.0,1,0,29.0,27.0,1.0,0,0,4,2,,1,0.0,2,0.0,0.0,2.0,3,0.0,0,0.0,,0,4.0,0,0.0,0.0,31,0,,4.0,0,3.0,1,2.0,0.0,0.0,,0.0,,11.0,0.0,0.0,0.0,9.0,0.0,0.0,0.0,0.0,2.0,,,0.0,,0.0,3.0,,2.0,,0.0,2.0,,0.0,,0.0,0.0,0.0,,0.0,0,0,0.0,11.0,0.0,,1.0,5.0,0.0,,0.0,0.0,0.0,1.0,,0.0,0.0,0.0,0.0,1,2.0,,0.0,0.0,1.0,6.0,,2.0,0.0,0.0,,0,1.0,,0.0,1.0,0.0,,0.0,0.0,,,1.0,6.0,7.0,0.0,1.0,,,0.0,0.0,0.0,4.0,0.0,2.0,1.0,,,0.0,1.0,,0.0,,,0.0,,,,0,1.0,,0.0,,0.0,1.0,0.0,0.0,2.0,,,1.0,,0.0,,0.0,,0.0,3.0,1.0,0.0,,17.0,,,0.0,,2.0,,0.0,,,0.0,1.0,0.0,,1.0,1.0,1.0,,0.0,,,,,,,,,,,
Wisconsin,111,106,86,131,2,25,44,73,6,205,50,103,1.0,64,120,2.0,104,2,7.0,15,19,86,73,56,100,143,9,94,105,104,100,7.0,27,48.0,190,37,15,19,59,20.0,126,15,262,71,3.0,95,52,44,20,44,50,55,64,29.0,20,39,32,80,34.0,55,46,79,43,17,8.0,39,3,50,37,4,20,80,24,5,48,37,2,67,24,88.0,49,92,23,22,13,0.0,23.0,13,22,84,85.0,40,90,41,104,46,8.0,18,22,28,5,24,9.0,0,24,50,43,20,101.0,7.0,29.0,19,37,24,1,16,20.0,42,31.0,97.0,27,27.0,5,5,14,15,35,37,23.0,12,8,16,15,8,16,34,60.0,3.0,11.0,3.0,29,27.0,4,30,23,18,8,14,5.0,6,25,49,11.0,22,1.0,6.0,9,29,53,5,11,26,29.0,13,29,28,6,9,10.0,10.0,18,31,1,3.0,9.0,10,2,0.0,4.0,8,9.0,3.0,9.0,21,25,3.0,14.0,26.0,3.0,13,10,6.0,6,4,23,3.0,33,3.0,8.0,7.0,7.0,16.0,11.0,4.0,1.0,4.0,21,0.0,4,1.0,21,10,27,2.0,17,166,1.0,1.0,1.0,8,10,18,40,3.0,14,10.0,9,12.0,0.0,8.0,1,35.0,0,24.0,4.0,26,5.0,2,1.0,3.0,5,11,0.0,27.0,71,1.0,4,28.0,7.0,4.0,4.0,0.0,4.0,4.0,17.0,4.0,2.0,8.0,3.0,14.0,12.0,0.0,7.0,10.0,10.0,4.0,2.0,6.0,2.0,3.0,3.0,4.0,1.0,25.0,22.0,5.0,0.0,2.0,0.0,1.0,2.0,30.0,11,16,0.0,1.0,3.0,0.0,18.0,2.0,11.0,1.0,4.0,5.0,3.0,3.0,6.0,12.0,10.0,1.0,3.0,10,1.0,0.0,0.0,1.0,3.0,28.0,11.0,35.0,10.0,3.0,3.0,4,9.0,15.0,1.0,,4.0,4.0,9.0,3.0,5.0,1.0,6.0,5.0,3.0,1.0,21.0,0.0,0.0,0.0,2.0,0.0,3.0,6.0,5.0,2.0,1.0,2.0,0.0,2.0,0.0,8.0,1.0,1.0,5.0,5.0,0.0,0.0,11,5.0,0.0,2.0,15.0,7.0,0.0,1.0,1.0,0.0,0.0,0.0,25.0,0.0,1.0,6.0,0.0,8.0,20.0,3.0,6.0,0.0,0.0,0.0,0.0,0.0,0.0,20.0,0.0,0.0,0.0,1.0,2.0,,0.0,0.0,0.0,0.0,7.0,1.0,25.0,,,,1.0,0.0,1.0,0.0,0.0,,,,
Wyoming,3,4,1,0,2,0,1,0,0,0,2,8,,1,2,0.0,6,1,0.0,1,3,2,1,7,4,0,3,2,1,0,1,,2,,3,2,0,1,4,1.0,0,0,1,0,1.0,2,1,6,1,3,1,3,5,0.0,1,0,1,1,,7,3,3,2,1,0.0,2,0,7,1,0,0,1,0,0,0,1,0,2,0,1.0,0,1,1,4,1,0.0,,0,2,0,,3,2,0,1,0,,0,0,1,0,2,,0,4,0,3,0,0.0,1.0,0.0,1,3,2,0,2,2.0,0,0.0,,0,0.0,0,0,3,3,3,2,4.0,0,2,0,0,0,1,5,0.0,0.0,0.0,0.0,1,1.0,5,3,0,0,2,3,,0,2,1,0.0,0,,0.0,1,0,0,5,1,1,,2,3,5,11,0,0.0,,2,1,2,0.0,,1,0,0.0,,0,,,0.0,3,1,0.0,,1.0,0.0,0,0,,1,0,0,0.0,1,,2.0,0.0,0.0,0.0,0.0,0.0,,0.0,0,,9,0.0,0,0,0,,0,0,0.0,0.0,1.0,0,0,0,1,,1,0.0,1,,0.0,1.0,0,,0,0.0,,0,,1,1.0,1.0,4,0,,0.0,0,0.0,0,4.0,0.0,,0.0,0.0,0.0,,0.0,,0.0,0.0,,0.0,0.0,0.0,0.0,,0.0,14.0,,1.0,1.0,,0.0,,0.0,0.0,0.0,0.0,0.0,0.0,,,,0.0,3,0,,0.0,,,0.0,4.0,,0.0,,0.0,,0.0,0.0,,,,0.0,0,,,0.0,0.0,1.0,1.0,,,,,0.0,0,0.0,0.0,,0.0,,,,0.0,1.0,,0.0,0.0,,,,,0.0,,0.0,,,,0.0,1.0,1.0,,,1.0,2.0,,,0.0,1.0,1.0,,,0,,,,,,0.0,,,,,,,,,0.0,0.0,,0.0,0.0,,,0.0,0.0,0.0,0.0,,,0.0,,,0.0,,,,,,,,,,,,,,,,,,,,,
District of Columbia,13,5,8,7,3,7,8,8,1,4,6,5,1.0,13,9,3.0,3,1,0.0,6,8,3,1,4,0,0,0,2,0,0,1,0.0,5,0.0,4,3,3,5,5,0.0,0,1,1,1,0.0,4,1,0,3,0,0,0,1,2.0,0,1,8,1,1.0,2,0,4,0,3,2.0,1,0,11,0,0,0,1,0,1,1,1,1,1,3,0.0,0,0,0,4,2,1.0,0.0,0,0,0,1.0,2,1,2,4,0,0.0,0,1,9,1,1,0.0,0,1,1,3,3,0.0,2.0,0.0,1,2,1,0,0,0.0,3,1.0,1.0,0,1.0,2,0,0,0,0,0,,1,1,0,2,0,7,0,1.0,0.0,0.0,2.0,2,0.0,1,4,0,2,1,1,,7,0,2,,0,0.0,0.0,1,0,0,0,1,1,0.0,0,1,0,1,4,0.0,,0,0,0,1.0,1.0,3,0,,0.0,5,0.0,1.0,0.0,0,1,0.0,0.0,0.0,0.0,2,0,0.0,4,0,0,0.0,0,0.0,,0.0,,0.0,4.0,3.0,,2.0,0,0.0,2,,0,0,1,4.0,0,0,1.0,1.0,1.0,2,1,0,1,,3,,1,5.0,1.0,0.0,0,0.0,0,0.0,0.0,2,0.0,0,,0.0,0,2,0.0,0.0,0,0.0,1,0.0,0.0,,0.0,2.0,6.0,0.0,0.0,0.0,0.0,0.0,,0.0,0.0,,,0.0,0.0,0.0,0.0,,,0.0,0.0,1.0,2.0,0.0,,0.0,0.0,0.0,0.0,,3.0,0.0,0,0,,3.0,0.0,,0.0,1.0,0.0,0.0,0.0,0.0,0.0,0.0,,1.0,0.0,,0.0,0,0.0,0.0,0.0,,3.0,0.0,0.0,0.0,0.0,0.0,0.0,4,0.0,0.0,1.0,0.0,,0.0,0.0,0.0,0.0,0.0,1.0,0.0,0.0,2.0,1.0,,0.0,,0.0,0.0,1.0,,,,0.0,0.0,,,,0.0,,0.0,0.0,0.0,0.0,,0,1.0,,,,,,0.0,0.0,,,,,0.0,0.0,0.0,,,1.0,,0.0,0.0,,0.0,0.0,0.0,,0.0,,,0.0,,,,,,,,,1.0,,,,,,,,,,,,,
